name,city,country,capacity
Dumbarton Football Stadium,Dumbarton,United Kingdom,2020
Park Hall,Oswestry,United Kingdom,2056
Haradski Stadium (Marjina Horka),Marjina Horka,Belarus,2000
Mahakam Stadium,Depok,Indonesia,2000
Hunky Dorys Park,Drogheda,Ireland,2000
Viimsi Stadium,Haabneeme,Estonia,2000
Nuuk Stadium,Nuuk,Greenland,2000
Hibernians Stadium,Paola,Malta,2000
EXTRA Arena,Ranheim,Norway,2000
Gargždai Stadium,Gargždai,Lithuania,2000
Stadio Romeo Malservisi-Mario Matteini,Bagno di Gavorrano,Italy,2000
Ferney Park,Ballinamallard,United Kingdom,2000
Estádio Municipal Coronel José Bezerra,Currais Novos,Brazil,2000
Gradski stadion,Kutina,Croatia,2000
Gradski stadion Luke,Mrkonjić Grad,Bosnia and Herzegovina,2000
Geroskipou Municipal Stadium,Geroskipou,Cyprus,2000
Jatidiri Stadium,Semarang,Indonesia,2000
City Stadium,Podujevo,Kosovo,2000
Mezőkövesdi Városi Stadion,Mezőkövesd,Hungary,2571
Estadio Pepe Rojo,Valladolid,Spain,2598
Stadio Valentino Mazzola,Santarcangelo di Romagna,Italy,2610
Princess Royal Park,Banff,United Kingdom,2600
Galabank,Annan,United Kingdom,2514
Harlaw Park,Inverurie,United Kingdom,2500
CSR Orhei,Orhei,Moldova,2539
Stadionul Ștrand,Pitești,Romania,2500
Ligi Ndogo Grounds,Ngong Road,Kenya,2000
Shatili Arena,Tbilisi,Georgia,2000
Adamstown Oval,Adamstown,Australia,2000
Emperador Stadium,Fort Bonifacio,Philippines,2000
Winnipeg Soccer Complex,Winnipeg,Canada,2000
UCF Soccer and Track Stadium,Orlando,United States of America,2000
El Marg Stadium,El-Marg,Egypt,2000
Recreation Ground,Llansanffraid-ym-Mechain,United Kingdom,2000
Stafford Common,"Kingsbridge, Swansea",United Kingdom,2000
The Old Spotted Dog Ground,Forest Gate,United Kingdom,2000
Stadionul Clujana,Cluj-Napoca,Romania,2000
Sport-kompleksi Shatili,Tbilisi,Georgia,2000
SC Partizan-Teleoptik,Belgrade,Serbia,2000
Lambert Park,Leichhardt,Australia,2000
Runavík Stadium,Runavík,Faroe Islands,2000
Alumni Field,Toronto,Canada,2500
Evans Diamond,"University of California, Berkeley",United States of America,2500
North Lodge Park,Pitmedden,United Kingdom,2500
Park Avenue,Aberystwyth,United Kingdom,2500
Yunist Stadium,Horishni Plavni,Ukraine,2500
Pod Vinicí,Pardubice,Czech Republic,2500
Steel Slovakia aréna,Moldava nad Bodvou,Slovakia,2500
SRC Biljanini Izvori,Ohrid,North Macedonia,2500
Karnei Oren Memorial Field,Ra'anana,Israel,2500
Estádio Marques da Silva,Ovar,Portugal,3200
Grant Park,Lossiemouth,United Kingdom,3250
Links Park,Montrose,United Kingdom,3292
Estadio Municipal de Pérez Zeledón,San Isidro de El General,Costa Rica,3259
Chavdar Tsvetkov Stadium,Svoge,Bulgaria,3500
AZAL Arena,Shuvalan,Azerbaijan,3500
Cocodrilos Sports Park,Caracas,Venezuela,3500
AKA Arena,Hønefoss,Norway,4256
Dalymount Park,Phibsborough,Ireland,4300
"Municipal Stadium of Kallithea ""Grigoris Lambrakis""",Kallithea,Greece,4200
Bridge Road,Histon and Impington,United Kingdom,4300
The Northolme,Gainsborough,United Kingdom,4304
Stadion lichterfelde,Lichterfelde,Germany,4300
"Dinamo Stadium, Sukhumi",Sukhumi,Georgia,4300
Grundman Stadium,Ramat HaSharon,Israel,4300
Midgårdsvallen,Märsta,Sweden,2400
Stadio Lino Turina,Salò,Italy,2500
"Allan Park, Aberdeen",Cove Bay,United Kingdom,2500
Borough Park,Workington,United Kingdom,2500
Druid Park,Woolsington,United Kingdom,2500
Harmsworth Park,Wick,United Kingdom,2412
Estádio ADC Parahyba,São José dos Campos,Brazil,2500
Estadio de Hanga Roa,Hanga Roa,Chile,2500
Vizelj park,Borča,Serbia,2500
Estádio Monte Pe Largo,Cova Figueira,Cape Verde,2500
Centennial Park Stadium,Toronto,Canada,2200
Mjøndalen Stadion,Mjøndalen,Norway,2100
Leah Victoria Park,Tullamore,Ireland,2300
Estadio Municipal Los Arcos,Orihuela,Spain,3500
Stadion Termaliki Bruk-Bet,Nieciecza,Poland,2093
Kemal Kaynas Stadyum,Karaman,Turkey,2256
Stade Jean Laville,Gueugnon,France,2200
Hartsdown Park,Margate,United Kingdom,2100
Raydale Park,Gretna,United Kingdom,2200
Bastion Road,Prestatyn,United Kingdom,2300
Ashby Avenue,Lincoln,United Kingdom,2200
"Christie Park, Huntly",Huntly,United Kingdom,2200
The Haughs,Turriff,United Kingdom,2135
Tuen Mun Tang Shiu Kin Sports Ground,Tuen Mun,People's Republic of China,2200
Hásteinsvöllur,Vestmannaeyjar,Iceland,2300
Kohtla-Järve Spordikeskuse staadion,Kohtla-Järve,Estonia,2200
Skalna Klet,Celje,Slovenia,2130
Zaqatala City Stadium,Zaqatala,Azerbaijan,3500
Dr. Ir. Franklin Essed Stadion,Paramaribo,Suriname,3500
Clarence Seedorf Stadion,Oost,Suriname,3500
Baldiri Aleu Stadium,Sant Boi de Llobregat,Spain,4000
Valhalla IP,Heden,Sweden,4000
Aukštaitija Stadium,Panevėžys,Lithuania,4000
Stade En Camée,Rivière-Pilote,France,3000
Stadion Františka Kloze,Kladno,Czech Republic,4000
ŽŠD Ljubljana Stadium,Spodnja Šiška,Slovenia,3986
Gabala City Stadium,Qabala,Azerbaijan,4000
Gozo Stadium,Xewkija,Malta,4000
Estadio Federico Schwager,Coronel,Chile,4000
Estadio Carlos Ugalde Álvarez,Quesada,Costa Rica,4000
Vesturi á Eiðinum Stadium,"Vágur, Faroe Islands",Faroe Islands,3000
Suzuka Sports Garden,Suzuka,Japan,3300
Estadio Cerro del Espino,Majadahonda,Spain,3376
Estadio Merkatondoa,Estella-Lizarra,Spain,3500
Estadi Palamós Costa Brava,Palamós,Spain,3724
Alytus Stadium,Alytus,Lithuania,3748
Haarlem Stadion,Haarlem,Netherlands,3442
Imperial Fields,Morden,United Kingdom,3500
Forthbank Stadium,Stirling,United Kingdom,3808
Ochilview Park,Stenhousemuir,United Kingdom,3746
Estádio Conselheiro Galvão,Rio de Janeiro,Brazil,3314
Estádio da Fazendinha,Ituiutaba,Brazil,3840
Q1236957,Brambauer,Germany,3500
Štadión Antona Malatinského,Trnava,Slovakia,3350
Tabor Hall,Maribor,Slovenia,3800
Bedok Stadium,Bedok,Singapore,3864
MFF Football Centre,Ulaanbaatar,Mongolia,3500
Høddvoll Stadion,Ulsteinvik,Norway,4433
The Showgrounds,Sligo,Ireland,4500
Estadio Municipal de Miramar,Lluanco / Luanco,Spain,3500
Tehtaan kenttä,Valkeakoski,Finland,3516
Stadio dei Marsi,Avezzano,Italy,3692
Stadio Gino Pistoni,Ivrea,Italy,3500
Municipal Stadium of Karditsa,Karditsa,Greece,3500
Rabobank IJmond Stadion,Velsen-Zuid,Netherlands,3625
Stadion Woudestein,Rotterdam,Netherlands,3531
Q2323717,Groesbeek,Netherlands,4500
Shielfield Park,Berwick-upon-Tweed,United Kingdom,4500
Nantporth,Bangor,United Kingdom,3000
Islecroft Stadium,Dalbeattie,United Kingdom,3500
Krasnodar Academy Stadium,Krasnodar,Russia,3500
Dinamo-Yuni Stadium,Minsk,Belarus,4500
Hlíðarendi,Reykjavík,Iceland,3000
Milano Arena,Kumanovo,North Macedonia,3000
Stadion Krimeja,Rijeka,Croatia,3500
Otoka Stadium,"Otoka, Sarajevo",Bosnia and Herzegovina,3000
Gradski Stadion,Krupa na Vrbasu,Bosnia and Herzegovina,3500
Megobroba Stadium,Ozurgeti,Georgia,3500
Kasakhi Marzik Stadium,Ashtarak,Armenia,3600
Estadio La Arboleda,Santísima Trinidad,Paraguay,4500
Esther Shiner Stadium,Toronto,Canada,3000
Escuela de Fútbol de Mareo,Gijón,Spain,3000
Aguada Stadium,Aguada,United States of America,4000
BallPark at One Loudoun,Ashburn,United States of America,4000
Castrén Stadium,Välivainio,Finland,4000
Estádio Carlos Osório,"Oliveira de Azeméis, Santiago de Riba-Ul, Ul, Macinhata da Seixa e Madail",Portugal,4000
Parque Luis Méndez Piana,Montevideo,Uruguay,4000
Butts Park Arena,Coventry,United Kingdom,4000
Champion Hill,East Dulwich,United Kingdom,3000
Claggan Park,Fort William,United Kingdom,4000
Dixon Park,Ballyclare,United Kingdom,4000
Donegal Celtic Park,Belfast,United Kingdom,3000
Dudgeon Park,Brora,United Kingdom,4000
Glebe Park,Brechin,United Kingdom,3960
Maes Tegid,Bala,United Kingdom,3000
Estádio Mutange,Maceió,Brazil,4000
Estádio da Baixada,Ibirama,Brazil,4000
Estádio Edgar Borges Montenegro,Assu,Brazil,4000
Estádio Paulista,São Carlos,Brazil,4000
Estádio Rua Javari,São Paulo,Brazil,4000
Městský stadion,Ústí nad Labem,Czech Republic,3000
Stadion Gospin dolac,Imotski,Croatia,4000
Zhetysu Stadium,Taldykorgan,Kazakhstan,4000
Choa Chu Kang Stadium,Choa Chu Kang,Singapore,4000
Abovyan City Stadium,Abovyan,Armenia,3946
The Gardens Greyhound and Sporting Complex,Newcastle,Australia,4000
"Carmichael Park, Tingalpa",Tingalpa,Australia,4000
Estadio Mariscal Nieto,Ilo,Peru,3000
Estadio Rómulo Shaw Cisneros,Chancay District,Peru,3000
Estadio Ciro López,Popayán,Colombia,3000
Stade Municipal de Jendouba,Jendouba,Tunisia,4000
Doris Williams Stadium,Buchanan,Liberia,3000
Fuglafjørdur Stadium,Fuglafjørður,Faroe Islands,3000
Sarpsborg Stadion,Sarpsborg,Norway,4700
Halden Stadion,Halden,Norway,5000
Estadio El Montecillo,Aranda de Duero,Spain,5000
ISS Stadion,Vantaa,Finland,4700
Stadio Carlo Speroni,Busto Arsizio,Italy,4627
Spartak Stadium,Odessa,Ukraine,4800
Dimitar Burkov Stadium,Targovishte,Bulgaria,5000
Estadio Santiago Bueras,Maipú,Chile,5000
Estadio Municipal Joaquín Muñoz García,Santa Cruz,Chile,5000
FK Obilić Stadium,Belgrade,Serbia,4600
George Andrews Reserve,Dandenong,Australia,5000
Estadio IPD de Moyobamba,Moyobamba,Peru,5000
Estadio Municipal de Matucana,Matucana,Peru,5000
Estadio Independencia,Estelí,Nicaragua,4800
Estadio Balear,Palma de Mallorca,Spain,2741
Kuopio Football Stadium,Kuopio,Finland,2700
Tyresövallen,Tyresö Municipality,Sweden,2700
Futebol Campus,Seixal,Portugal,2708
Stair Park,Stranraer,United Kingdom,2988
Mackessack Park,Rothes,United Kingdom,2700
Mosset Park,Forres,United Kingdom,2700
Heinz-Steyer-Stadion,Dresden,Germany,3000
KR-völlur,Reykjavík,Iceland,2781
Pomorie Stadium,Pomorie,Bulgaria,3000
Gyumri City Stadium,Gyumri,Armenia,2761
Q62092045,Nieuw Nickerie,Suriname,3400
Estadio Sergio Antonio Reyes,Santa Rosa de Copán,Honduras,3000
Al Akhdoud Club Stadium,Najran,Saudi Arabia,2800
A.O. Shirley Recreation Ground,Road Town,British Virgin Islands,3000
Musashino Municipal Athletic Stadium,Musashino,Japan,5000
"Memorial Stadium, Asheville",Asheville,United States of America,5000
Pioneer Stadium,Hayward,United States of America,5000
Moi Stadium,Kisumu,Kenya,5000
Kingsmills Park,Inverness,United Kingdom,5000
Sha Tin Sports Ground,Sha Tin,People's Republic of China,5000
Rakovski Stadium,Sevlievo,Bulgaria,5000
Lori Stadium,Vanadzor,Armenia,5000
John Cain Memorial Reserve,Thornbury,Australia,5000
Kevin Bartlett Reserve,Burnley,Australia,5000
Paisley Park Soccer Complex,Altona North,Australia,5000
Seymour Shaw Park,Miranda,Australia,5000
Kanazawa Soccer Stadium,Kanazawa,Japan,3010
Randaberg Stadion,Randaberg,Norway,3000
Pete András Stadion,Kazincbarcika,Hungary,3000
Stadion Dózsa György út,Vecsés,Hungary,3000
Estadio Ganzábal,La Felguera,Spain,4024
Highmark Stadium,Station Square,United States of America,4000
Texas A&M International University Soccer Complex,Laredo,United States of America,4000
Lahden kisapuisto,Lahti,Finland,4000
Ruddalens IP,Q10657588,Sweden,5000
Kozani Stadium,Kozani,Greece,4000
Kastamonu Gazi Stadium,Kastamonu,Turkey,4000
Rushmoor Stadium,Farnborough,United Kingdom,4000
The Oval,Caernarfon,United Kingdom,3000
The Saffrons,Eastbourne,United Kingdom,3000
Valefield Park,Kilbirnie,United Kingdom,3000
Victoria Road,Port Talbot,United Kingdom,3000
Kadriorg Stadium,Kadriorg,Estonia,5000
Stadionul Minerul,Lupeni,Romania,3000
Stadionul Prahova,Ploiești,Romania,4000
Gradski stadion Štip,Štip,North Macedonia,4000
Government High School Stadium,Chaman,Pakistan,4000
Afghanistan Football Federation stadium,Kabul,Afghanistan,5000
University of Makati Stadium,Makati,Philippines,4000
Stade Ameur El-Gargouri,Sfax,Tunisia,4000
Gundadalur,Tórshavn,Faroe Islands,5000
Pancho Arena,Felcsút,Hungary,4500
Estadio Municipal de Vecindario,Santa Lucía de Tirajana,Spain,4500
Estadi Municipal de Reus,Reus,Spain,4500
Raatti Stadium,Koskikeskus,Finland,4392
Påskbergsvallen,Varberg,Sweden,4500
Conte Arduino Mangoni,Isola del Liri,Italy,3000
Bellslea Park,Fraserburgh,United Kingdom,3000
Borough Briggs,Elgin,United Kingdom,4520
Estádio Municipal Zinho de Oliveira,Marabá,Brazil,4500
Atlant Stadium,Navapolack,Belarus,4520
Artashat City Stadium,Artashat,Armenia,4500
Metalac Stadium,Gornji Milanovac,Serbia,4500
Blacktown Baseball Stadium,Sydney,Australia,3000
Ronnie Brunswijkstadion,Moengo,Suriname,3000
Estadio León Gómez,Tela,Honduras,3000
Estadio San Jorge,Olanchito,Honduras,3000
Al Hilal,Ar Rass,Saudi Arabia,3000
Paramount Fine Foods Centre,Mississauga,Canada,5400
Aoi-mori Arena,Aomori,Japan,5371
Briskeby Arena,Hamar,Norway,7600
State Farm Arena,Hidalgo,United States of America,5500
Het Kuipje,Westerlo,Belgium,7982
LFF Stadium,Vilnius,Lithuania,5500
Stadio Silvio Piola (Vercelli),Vercelli,Italy,8000
Stadio Pier Cesare Tombolato,Cittadella,Italy,7623
Stadion Schützenwiese,Winterthur,Switzerland,8000
Stadion Rankhof,Basel,Switzerland,7600
Panetolikos Stadium,Central Greece,Greece,7500
Zosimades Stadium,Ioannina,Greece,7534
Parque Abraham Paladino,Montevideo,Uruguay,8000
Palmerston Park,Dumfries,United Kingdom,7620
Meadowbank Stadium,Edinburgh,United Kingdom,7500
Khimik Stadium,Dzerzhinsk,Russia,5266
Adolf-Jäger-Kampfbahn,Ottensen,Germany,8000
Stadion SRC Mladost,Čakovec,Croatia,8000
Ammochostos Stadium,Larnaca,Cyprus,5500
Rheinpark Stadion,Vaduz,Liechtenstein,7584
"Estadio Jorge ""Cuty"" Monge",Desamparados,Costa Rica,5500
Stade Goho,Abomey,Benin,7500
Estádio da Várzea,Avenida Cidade de Lisboa,Cape Verde,8000
Haugesund Stadion,Haugesund,Norway,8800
Coliseum Alfonso Pérez,Getafe,Spain,8800
Estadio Pedro Escartín,Guadalajara,Spain,8000
Estadio Ruta de la Plata,Zamora,Spain,7813
Estadio Nuevo Lasesarre,Barakaldo,Spain,7960
Estadio Municipal Santo Domingo,El Ejido,Spain,7870
Domnarvsvallen,Borlänge,Sweden,6500
Tunavallen,Eskilstuna,Sweden,7800
Stadion Gersag,Emmen,Switzerland,8700
Stadion Schützenmatte,Basel,Switzerland,8000
NV Arena,St. Pölten,Austria,8000
Estádio do CD das Aves,Vila das Aves,Portugal,8650
Estádio Municipal 22 de Junho,Vila Nova de Famalicão,Portugal,8000
Estádio António Coimbra da Mota,Estoril,Portugal,8000
De Langeleegte,Veendam,Netherlands,6500
JenS Vesting,Emmen,Netherlands,8600
Stade de Paris,Saint-Ouen-sur-Seine,France,8000
Nene Park,Irthlingborough,United Kingdom,6441
Withdean Stadium,Brighton,United Kingdom,8850
Broadwood Stadium,Cumbernauld,United Kingdom,7936
Caledonian Stadium,Inverness,United Kingdom,7800
Falkirk Stadium,Falkirk,United Kingdom,8750
Stadion v Městských sadech,Opava,Czech Republic,7758
Stadionul Gaz Metan,Mediaș,Romania,7814
Stadionul Gloria,Bistrița,Romania,7800
Stadion Kranjčevićeva,Zagreb,Croatia,8850
Stadion pod Bijelim Brijegom,Mostar,Bosnia and Herzegovina,9000
Munayshy Stadium,Atyrau,Kazakhstan,8660
Estadio Municipal Lucio Fariña Fernández,Quillota,Chile,7680
Estadio Rogelio Livieres,Pinozá,Paraguay,8000
Antigua Recreation Ground,Antigua,Antigua and Barbuda,9000
Estadio José Rafael Fello Meza Ivankovich,Cartago,Costa Rica,8831
Winter Stadium,Ramat Gan,Israel,8000
Estadio Cacique Diriangén,Diriamba,Nicaragua,8000
Estadio Olímpico del IND Managua,Managua,Nicaragua,8000
Stade Municipal Bou Ali-Lahouar,Hammam Sousse,Tunisia,6500
Estadio Anxo Carro,Lugo,Spain,8100
Estadio Nueva Balastera,Palencia,Spain,8070
Stadium Gal,Irun,Spain,6344
Estadio Francisco Artés Carrasco,Lorca,Spain,8120
Estadi La Feixa Llarga,L'Hospitalet de Llobregat,Spain,6294
Stade Josy Barthel,Belair,Luxembourg,8054
Södertälje Fotbollsarena,Geneta,Sweden,6400
Darius and Girėnas Stadium,Kaunas,Lithuania,8248
ARVI Football Arena,Marijampolė,Lithuania,6250
Stadio Franco Ossola,Masnago,Italy,8213
Stadio Franco Fanuzzi,Brindisi,Italy,6200
Kras Stadion,Volendam,Netherlands,6200
Afraha Stadium,Nakuru,Kenya,8200
Stade de la Montée Rouge,Châtellerault,France,8033
Broadfield Stadium,Crawley,United Kingdom,6134
St. Mirren Park,Paisley,United Kingdom,8023
New Bucks Head,Telford,United Kingdom,6300
Sportpark Höhenberg,Cologne,Germany,6214
Vitebsky Central Sport Complex,Vitebsk,Belarus,8144
Městský fotbalový stadion Miroslava Valenty,Uherské Hradiště,Czech Republic,8121
Stadionul Trans-Sil,Târgu Mureș,Romania,8200
Ticha Stadium,Varna,Bulgaria,8250
Lovech Stadium,Lovech,Bulgaria,8100
Shafa Stadium,Baku,Azerbaijan,8125
Shakhtyor Stadium,Ekibastuz,Kazakhstan,6300
Estadio Eladio Rosabal Cordero,Heredia,Costa Rica,8068
Honda Miyakoda Soccer Stadium,Kita-ku,Japan,4000
Estadi Municipal de Manlleu,Manlleu,Spain,4000
Saviniemi,Myllykoski,Finland,4167
Stadio Piergiovanni Mecchia,Portogruaro,Italy,4021
Stadio Comunale,Chiavari,Italy,4154
Stadio Fratelli Paschiero,Cuneo,Italy,3060
Stadio Giuseppe Voltini,Crema,Italy,4100
Cressing Road,Braintree,United Kingdom,4151
Balmoor Stadium,Peterhead,United Kingdom,3150
York Road,Maidenhead,United Kingdom,3000
Meggetland Sports Complex,Edinburgh,United Kingdom,3000
Angstrem Stadium,Zelenogradsky Administrative Okrug,Russia,3070
Stadion an der Gisselberger Straße,Ockershausen,Germany,4000
Stroitel Stadium,Salihorsk,Belarus,4200
FC Minsk Stadium,Minsk,Belarus,3000
Bonifika Stadium,Koper,Slovenia,4047
Stadion Park mladeži,Split,Croatia,4075
Bishan Stadium,Bishan,Singapore,4200
Afula Illit Stadium,Afula,Israel,3000
Lod Municipal Stadium,Lod,Israel,3000
Estadio Municipal Arsénio Ramos,Sal Rei,Cape Verde,3000
Djúpumýra Stadium,Klaksvík,Faroe Islands,3000
SV Vesta Stadion,Willemstad,Curaçao,3000
Szegedi VSE Stadion,Szeged,Hungary,5000
Kimpinen Sports Centre,Kimpinen,Finland,4900
Gutavallen,Visby,Sweden,5000
Stadio Gian Domenico Tursi,Martina Franca,Italy,4900
Stadio Pietro Fortunati,Pavia,Italy,4999
Stadio Rigamonti-Ceppi,Lecco,Italy,4997
Stadio Comunale Bellinzona,Bellinzona,Switzerland,5000
Wa Sports Stadium,Wa,Ghana,5000
Holker Street,Barrow-in-Furness,United Kingdom,5000
Estádio Augusto Bauer,"Brusque, Santa Catarina",Brazil,5000
Heinrich Germer Stadium,Magdeburg,Germany,4990
Minyor Stadium,Pernik,Bulgaria,5000
Stadion Nikola Mantov,Kočani,North Macedonia,5000
Urartu Stadium,Malatia-Sebastia District,Armenia,5000
Estadio Hugo Bogado Vaceque,Asunción,Paraguay,5000
Pokhara Rangasala,Pokhara,Nepal,5000
Stade Gbegamey,Cotonou,Benin,5000
Mewata Stadium,Calgary,Canada,10000
Sandefjord Arena,Sandefjord,Norway,6582
Camp Municipal Narcís Sala,Barcelona,Spain,6563
Estadio La Fuensanta,Cuenca,Spain,6700
Estadio Municipal Guillermo Amor,El Campello,Spain,9000
Titan Stadium,Fullerton,United States of America,10000
Strömvallen,Q10715544,Sweden,6703
Jämtkraft Arena,Q10677151,Sweden,9165
Stadio Lungobisenzio,Prato,Italy,6750
Fayoum Stadium,Faiyum,Egypt,10000
Kipchoge Keino Stadium,Eldoret,Kenya,10000
Mombasa Municipal Stadium,Mombasa,Kenya,10000
Bob Lucas Stadium,Weymouth,United Kingdom,6600
Gayfield Park,Arbroath,United Kingdom,6600
Victoria Park,Dingwall,United Kingdom,6541
Station Park,Forfar,United Kingdom,6777
Mong Kok Stadium,Mong Kok,People's Republic of China,6664
MSA Lokomotiv,Moscow,Russia,10000
Torpedo Stadium,Žodzina,Belarus,6524
Ludogorets Arena,Razgrad,Bulgaria,9000
Stadio Olimpico,Serravalle,San Marino,6664
Klabat Stadium,Manado,Indonesia,10000
Sugar Ray Xulu Stadium,"Clermont, KwaZulu-Natal",South Africa,6500
NTCA Ground,Newstead,Australia,10000
KRL Stadium,Rawalpindi,Pakistan,10000
Gjemselund Stadion,Kongsvinger,Norway,5202
Hidegkuti Nándor Stadium,Budapest,Hungary,5322
Estadio Román Suárez Puerta,Avilés,Spain,5352
Estadio Salto del Caballo,Toledo,Spain,5300
Maryland SoccerPlex,Germantown,United States of America,5200
Dr. Mark & Cindy Lynn Stadium,Louisville,United States of America,5300
Stadion Broodstraat,Antwerp,Belgium,5350
Stadio Guido Biondi,Lanciano,Italy,5334
Stadio Ettore Mannucci,Pontedera,Italy,5014
Mytilene Municipal Stadium,Mytilene,Greece,4000
Q28050140,Ptolemaida,Greece,4000
Mumias Sports Complex,Mumias,Kenya,5000
"Clarence Park, St Albans",St Albans,United Kingdom,5007
Kynoch Park,Keith,United Kingdom,4000
Ademir Cunha Stadium,Paulista,Brazil,4000
Kavarna Stadium,Kavarna,Bulgaria,5000
Tuah Pahoe Stadium,Palangkaraya,Indonesia,5000
Coliseo La Tortuga,Talcahuano,Chile,5300
Estadio Municipal de Los Ángeles,Los Ángeles,Chile,4150
Voždovac Stadium,Voždovac,Serbia,5200
Sala Stadium,Ashkelon,Israel,5250
BEC Tero Sasana Nong Chok Stadium,Nong Chok,Thailand,5000
Shaheed Salam Stadium,Feni District,Bangladesh,5000
Fosshaugane Campus,Sogndalsfjøra,Norway,5523
Estadio El Toralín,Ponferrada,Spain,8400
ShoWare Center,Seattle metropolitan area,United States of America,6500
Stadsparksvallen,Jönköping,Sweden,5535
Zinkensdamms IP,Stockholm,Sweden,6500
Studenternas IP,Uppsala,Sweden,6500
Stadio Enzo Blasone,Foligno,Italy,5650
Stadio Giuseppe Grezar,Trieste,Italy,8000
Diagoras Stadium,Rhodes,Greece,8500
Fikret Karabudak Stadium,Kırıkkale,Turkey,5402
Stade Lebon,Angoulême,France,6500
Bootham Crescent,York,United Kingdom,8256
Brewery Field,Bridgend,United Kingdom,8000
Adamslie Park,Kirkintilloch,United Kingdom,5550
Aggborough,Kidderminster,United Kingdom,6444
Cheriton Road,Folkestone,United Kingdom,6500
Crabble Athletic Ground,River,United Kingdom,6500
Manchester Regional Arena,Sportcity,United Kingdom,6500
Max-Schmeling-Halle,Prenzlauer Berg,Germany,8500
Neman Stadium,Grodno,Belarus,8479
Kolos Stadium,Boryspil,Ukraine,5654
Stadionul Marin Anastasovici,Giurgiu,Romania,5500
Stadion Mladost,Strumica,North Macedonia,6500
Stadion ŠRC Zaprešić,Zaprešić,Croatia,5528
AEK Arena - Georgios Karapatakis,Larnaca,Cyprus,8000
Kostanay Central Stadium,Kostanay,Kazakhstan,8323
Estadio Municipal Roberto Bravo Santibáñez,Melipilla,Chile,6500
George Odlum Stadium,Vieux Fort Quarter,Saint Lucia,8000
Estadio Rubén Deras,Choloma,Honduras,5500
Shahid Dastgerdi Stadium,Ekbatan,Iran,8250
HaMakhtesh Stadium,Givatayim,Israel,5500
Estádio Nacional 12 de Julho,São Tomé,São Tomé and Príncipe,6500
Lovisenlund,Larvik,Norway,5000
Tammela Stadion,Tammela,Finland,3100
Stadio Antonio Bianco,Gallipoli,Italy,5000
Stadio Giovanni Mari,Legnano,Italy,5000
Stadio Marco Lorenzon,Rende,Italy,5000
Estadio Independiente MRCI,San Jerónimo Tlacochahuaya,Mexico,5000
Bukhungu Stadium,Kakamega,Kenya,5000
Hayes Lane,Bromley,United Kingdom,5000
Recreation Park,Alloa,United Kingdom,3100
The Avenue Stadium,Dorchester,United Kingdom,5009
Arena Santos,Santos,Brazil,5000
Mestský štadión Bardejov,Bardejov,Slovakia,3040
Gradski stadion Kičevo,Kichevo,North Macedonia,5000
Bashkim Sulejmani Stadium,Kuçovë,Albania,5000
Ugljevik City Stadium,Ugljevik,Bosnia and Herzegovina,5000
Ismat Gayibov Stadium,Bakıxanov,Azerbaijan,5000
Bayil Stadium,Bayil,Azerbaijan,5000
Stadion Ivanjica,Ivanjica,Serbia,5000
Chaplin Reserve,Sunshine,Australia,5000
Estadio Marcelo Tinoco,Danlí,Honduras,5000
Estadio Argelio Sabillón,Santa Bárbara,Honduras,5000
Estadio Simeón Magaña,Ahuachapán Department,El Salvador,5000
Sergio Torres Stadium,Usulután,El Salvador,5000
Baghdad FC Stadium,Baghdad,Iraq,5000
Al Manara Stadium,Beirut,Lebanon,5000
Prachuap Khiri Khan Province Stadium,Mueang Prachuap Khiri Khan,Thailand,5000
Quirino Stadium,Bantay,Philippines,5000
Baghdad Stadium,Kwekwe,Zimbabwe,5000
Bunamwaya Stadium,Wakiso Town,Uganda,5000
Papa Murphy's Park,California Exposition,United States of America,8000
Linköping Arena,Linköping,Sweden,8500
NP3 Arena,Sundsvall,Sweden,8500
Taksim Stadium,Taksim Square,Turkey,8000
Estadio Osvaldo Roberto,Sayage,Uruguay,8500
Estadio Parque Maracaná,Montevideo,Uruguay,8000
Stade du Bram,Louhans,France,8400
Stark's Park,Kirkcaldy,United Kingdom,8473
Estádio Figueira de Melo,Rio de Janeiro,Brazil,8000
Zorky Stadium,Krasnogorsk,Russia,8000
Ogosta Stadium,Montana,Bulgaria,8000
Akademik Stadium,Sofia,Bulgaria,8000
Kamen Ingrad Stadium,Velika,Croatia,8000
Šubićevac Stadium,Šibenik,Croatia,8000
Estadio La Granja,Arica,Chile,8000
Estadio Luis Valenzuela Hermosilla,Copiapó,Chile,8000
Jalan Besar Stadium,Kallang,Singapore,8000
B.T. Connor Reserve,Reservoir,Australia,8000
Estadio Juan Maldonado Gamarra,Cutervo,Peru,8000
Estadio San Carlos de Apoquindo,Huacho,Peru,8000
Estadio Alexander Botinni,Maturín,Venezuela,8000
Estadio Rumiñahui,Sangolquí,Ecuador,8000
Estadio Jorge Calero Suárez,Metapán,El Salvador,8000
Behnam Mohammadi Stadium,Masjed Soleyman,Iran,8000
Doha Stadium,Sakhnin,Israel,8500
Herzliya Municipal Stadium,Herzliya,Israel,8300
Stade Jlidi,Zarzis,Tunisia,8000
Estadio Municipal de Santo Domingo,Alcorcón,Spain,5000
Stade Joseph Marien,Forest,Belgium,5100
Harju Stadium,Harju,Finland,5000
Stadio Aragona,Vasto,Italy,5200
Estádio da Madeira,Madeira,Portugal,5132
Estádio do Clube Desportivo Trofense,Trofa,Portugal,5074
Estadio Saroldi,Montevideo,Uruguay,5165
The New Lawn,Nailsworth,United Kingdom,5147
Telford Street Park,Inverness,United Kingdom,5000
The Gnoll,Neath,United Kingdom,5000
The Hive Stadium,Canons Park,United Kingdom,5176
Rodina Stadium,Khimki,Russia,5083
Sodovik Stadium,Sterlitamak,Russia,5180
Yunost Stadium,Mazyr,Belarus,5133
Daugava Stadium,Riga,Latvia,5083
Obolon Arena,Kyiv,Ukraine,5100
Izola City Stadium,Izola,Slovenia,5085
Stadionul Concordia,Chiajna,Romania,5123
Stadiumi Butrinti,Saranda,Albania,5000
"Underwood Park, Rochedale",Rochedale,Australia,5000
Estadio Francisco Mendoza Pizarro,Olmos District,Peru,5000
Newtown Park,Newtown,New Zealand,5000
Green Stadium,Nof HaGalil,Israel,5200
Taichung Football Field,Xitun District,Taiwan,5000
TOT Stadium Chaeng Watthana,Lak Si,Thailand,5000
Stade Municipal de Avrankou,Avrankou,Benin,5000
Footes Lane,Saint Peter Port,Guernsey,5000
Sportpark De Toekomst,Ouder-Amstel,Netherlands,5000
Victoria Stadium,Gibraltar,United Kingdom,5000
Stadion NŠC Stjepan Spajić,Zagreb,Croatia,5000
Mindoo Philip Park,Castries,Saint Lucia,5000
Tønsberg Gressbane,Tønsberg,Norway,5600
Odense Atletikstadion,Odense,Denmark,8000
"Miejski Stadion Sportowy ""KSZO""",Ostrowiec Świętokrzyski,Poland,8000
Stadio Alfredo Viviani,Potenza,Italy,6000
Stadio Giuseppe Moccagatta,Alessandria,Italy,5827
Estadio Obdulio Varela,Montevideo,Uruguay,8000
Stade Paul-Lignon,Rodez,France,5955
Edgar Street,Hereford,United Kingdom,5966
Eugene Cross Park,Ebbw Vale RFC,United Kingdom,8000
Estádio Vila Olímpica,Curitiba,Brazil,8000
Vila Olímpica Elzir Cabral,Fortaleza,Brazil,8000
Estádio Passo D'Areia,Porto Alegre,Brazil,8000
Stadionul Juventus,Colentina,Romania,8000
Inglewood Stadium,Inglewood,Australia,5536
Adelaide City Park,Oakden,Australia,5500
André Kamperveen Stadion,Paramaribo,Suriname,6000
Haberfeld Stadium,Rishon LeZion,Israel,6000
Idlib Municipal Stadium,Idlib,Syria,8000
Tolka Park,Drumcondra,Ireland,9680
St Colman's Park,Cobh,Ireland,5980
Szentmarjay Tibor Városi Stadion,Eger,Hungary,6000
Campo de lechugas,Miranda de Ebro,Spain,6000
Veritas Stadion,Turku,Finland,9372
Stadio Partenio-Adriano Lombardi,Avellino,Italy,10125
Stadio Marcello Torre,"Pagani, Campania",Italy,5981
Tevfik Sırrı Gür Stadium,Mersin,Turkey,10128
Stade Ange Casanova,Ajaccio,France,6000
Firhill Stadium,Glasgow,United Kingdom,10102
Abbey Stadium,Cambridge,United Kingdom,9617
Estádio Moça Bonita,Rio de Janeiro,Brazil,9564
Estádio Nicolau Alayon,São Paulo,Brazil,9660
Estádio Municipal Passo das Emas,Lucas do Rio Verde,Brazil,10000
Dynamo Stadium,Ufa,Russia,5808
Stadionul Regie,Bucharest,Romania,10020
Stadion Stanovi,Zadar,Croatia,5860
Karabakh Stadium,Yeni Suraxanı,Azerbaijan,5800
Estadio Edgardo Baltodano Briceño,Liberia,Costa Rica,5979
Baniyas Stadium,Abu Dhabi,United Arab Emirates,9570
Rach Gia Stadium,Rạch Giá,Vietnam,10000
Mokpo International Football Center,Mokpo,South Korea,5952
Svangaskarð,Toftir,Faroe Islands,6000
Estadio Bahía Sur,San Fernando,Spain,10000
WakeMed Soccer Park,Cary,United States of America,10000
Omaha Civic Auditorium,Omaha,United States of America,10960
Stadion Widzewa,Łódź,Poland,10500
McDiarmid Park,Tulloch,United Kingdom,10696
flyeralarm Arena,Würzburg,Germany,10504
Stadion Anđelko Herjavec,Varaždin,Croatia,10800
Stadion HNK Cibalia,Vinkovci,Croatia,10000
Stadion Pecara,Široki Brijeg,Bosnia and Herzegovina,10000
Poladi Stadium,Rustavi,Georgia,10720
Estadio Rubén Marcos Arguello,Osorno,Chile,10800
Al Quwa Al Jawiya Stadium,Baghdad,Iraq,10000
Estadio Agustín Sánchez,La Chorrera,Panama,10000
Stade du Ville,Djibouti,Djibouti,10000
Martyrs of February Stadium,Benina,Libya,10550
Stade Boubker Ammar,Salé,Morocco,10000
Complexe OCP,Khouribga,Morocco,10000
Maple Leaf Gardens,Toronto,Canada,12473
Nadderud Stadion,Nadderud,Norway,7000
Alfheim Stadion,Tromsø municipality,Norway,6859
Estadio Príncipe Felipe,Cáceres,Spain,7000
Nou Sardenya,Barcelona,Spain,7000
Cashman Field,Las Vegas,United States of America,9334
Orleans Arena,Paradise,United States of America,9500
Grimsta IP,Vällingby,Sweden,6820
Rambergsvallen,Rambergsstaden,Sweden,7000
Guldfågeln Arena,Kalmar,Sweden,12500
Stadio Domenico Francioni,Latina,Italy,6850
Stadio Nicola De Simone,Syracuse,Italy,6870
Stadio Vito Simone Veneziani,Monopoli,Italy,6880
Rudolf-Tonn-Stadion,Schwechat,Austria,7000
Estádio Cidade de Barcelos,Barcelos,Portugal,12504
IJsseldelta Stadion,Zwolle,Netherlands,12500
Fortuna Sittard Stadion,Sittard,Netherlands,12500
Estadio Adolfo López Mateos,Mexican Federal Highway 40,Mexico,7000
"Central Park, Cowdenbeath",Cowdenbeath,United Kingdom,12370
Estádio Municipal Antônio Fernandes,Guarujá,Brazil,6840
BRITA-Arena,Wiesbaden,Germany,12560
CSC Nika Stadium,Oleksandriia,Ukraine,7000
Druzhba Stadium,Dobrich,Bulgaria,12500
Dasaki Stadium,Dasaki Achnas,Cyprus,7000
Taraz Central Stadium,Taraz,Kazakhstan,12525
Kazhimukan Munaitpasov Stadium,Nur-Sultan,Kazakhstan,12350
Mika Stadium,Yerevan,Armenia,7000
Alashkert Stadium,Yerevan,Armenia,6800
PAT Stadium,Khlong Toei,Thailand,12308
Gyeongju Civic Stadium,Gyeongju,South Korea,12199
Shonan BMW Stadium Hiratsuka,Hiratsuka,Japan,15200
Estadio Cartagonova,Cartagena,Spain,15105
Estadio Municipal de Linarejos,Linares,Spain,10000
Stadion GOSiR,Gdynia,Poland,15139
Stadio Artemio Franchi,Siena,Italy,15373
Kostas Davourlis Stadium,Agyia,Greece,11321
Estadio Centenario,"Ahome, Los Mochis",Mexico,11134
Estádio Cornélio de Barros,Salgueiro,Brazil,11000
Estádio Romário de Souza Faria,Duque de Caxias,Brazil,10000
Trudovye Rezervy Stadium,Kursk,Russia,11329
Arena Regensburg,Regensburg,Germany,15115
Erdgas Sportpark,Halle (Saale),Germany,15057
Mommsenstadion,Westend,Germany,15005
Stadionul Dinamo,Bucharest,Romania,15032
Avangard Stadium,Petropavl,Kazakhstan,11000
Hoffe Park Stadium,Kimberley,South Africa,11000
Estadio El Teniente,Rancagua,Chile,15252
Estadio Municipal Nicolás Chahuán,La Calera,Chile,10000
Epping Stadium,Epping,Australia,10000
Estadio Don León Kolbowski,Villa Crespo,Argentina,10000
Estadio Los Chankas,Andahuaylas,Peru,10000
Estadio Monumental de Condebamba,Abancay,Peru,10000
Duler Stadium,Mapusa,India,10000
Estadio Florentino Oropeza,San Felipe,Venezuela,10000
Estadio Olímpico,La Vega,Dominican Republic,10000
Estadio Las Delicias,Santa Tecla,El Salvador,10000
Estadio Reino de León,León,Spain,13451
Ipurúa Municipal Stadium,Eibar,Spain,7083
Estadio El Malecón,Torrelavega,Spain,6007
"Macpherson Stadium, North Carolina",Browns Summit,United States of America,7000
Swedbank Park,Rocklunda,Sweden,7044
Stadion Polonii Warszawa,Muranów,Poland,7150
OSiR Stadium in Słubice,Słubice,Poland,7000
Stadion Stali Mielec,Mielec,Poland,7000
Stadio Giuseppe Sinigaglia,Como,Italy,13602
Waldstadion,Pasching,Austria,7152
Akdeniz University Stadium,Antalya,Turkey,7100
Estadio Arena Cora,"Tepic, Nayarit",Mexico,12600
Haig Avenue,Blowick,United Kingdom,6008
Gander Green Lane,Sutton,United Kingdom,7032
Estádio Germano Krüger,Ponta Grossa,Brazil,13000
Stadionul Areni,Suceava,Romania,7000
Stadionul CFR,Timișoara,Romania,7000
Stadionul Municipal,Râmnicu Sărat,Romania,7000
Nesebar Stadium,Nesebar,Bulgaria,7000
Subotica City Stadium,Subotica,Serbia,13000
Priboj City Stadium,Priboj,Serbia,7000
Estadio 12 de Febrero,Alberto Adriani,Venezuela,12785
Estadio Rafael Calles Pinto,Guanare,Venezuela,13000
Estadio José Alberto Pérez,Valera,Venezuela,12765
Ramat Gan Stadium,Ramat Gan,Israel,13370
Magway Stadium,Magway,Myanmar,7000
Grand Hamad Stadium,Doha,Qatar,13000
Prince Salman Bin Abdulaziz Sport City Stadium,Al Majma'ah,Saudi Arabia,7000
Leo Stadium,Thanyaburi,Thailand,13000
Stade Bou Kornine,Hammam-Lif,Tunisia,7200
Veterans Memorial Coliseum,Lloyd District,United States of America,12888
Cow Palace,Daly City,United States of America,12953
Olympisch Stadion,Antwerp,Belgium,12771
Jules Ottenstadion,Gentbrugge,Belgium,12919
Regenboogstadion,Waregem,Belgium,10200
Behrn Arena,Örebro,Sweden,12674
Stadio Romeo Menti,Castellammare di Stabia,Italy,13000
Stadio Polisportivo Provinciale,Erice,Italy,7000
Estádio do Rio Ave FC,Vila do Conde,Portugal,12815
Léo Lagrange stadium,Besançon,France,10500
Stade Pierre Brisson,Beauvais,France,10178
Windsor Park,Belfast,United Kingdom,12950
Excelsior Stadium,Airdrie,United Kingdom,10170
Kenilworth Road,Luton,United Kingdom,10356
Estádio Aluízio Ferreira,Porto Velho,Brazil,7000
Ernst-Abbe-Sportfeld,Jena,Germany,12990
Ljudski vrt,Maribor,Slovenia,12994
Stadion Kantrida,Rijeka,Croatia,12600
Aktobe Central Stadium,Aktobe,Kazakhstan,12800
Estadio Fiscal de Linares,Linares,Chile,7000
Estadio Alberto Gallardo,Lima,Peru,13000
Estadio Alfonso Colmán,Fernando de la Mora,Paraguay,7000
HaShalom Stadium,Umm al-Fahm,Israel,7000
"Army Stadium, Rawalpindi",Rawalpindi,Pakistan,7000
Jassim Bin Hamad Stadium,Doha,Qatar,12946
Stadion Kórház utcai,Békéscsaba,Hungary,10432
Woodforest Bank Stadium,Shenandoah,United States of America,9600
T3 Arena,"Haga, Umeå",Sweden,10000
Stora Valla,Degerfors,Sweden,12500
AutoC Park Randers,Randers,Denmark,10300
Stadio Olimpico Carlo Zecchini,Gorarella,Italy,10200
Stadio Omobono Tenni,Treviso,Italy,10000
Stadio Pierluigi Penzo,Venice,Italy,10500
Arena Thun,Thun,Switzerland,10000
Xanthi Ground,Xanthi,Greece,9500
Buca Arena,İzmir,Turkey,10500
Vefa Stadium,Fatih,Turkey,12500
Cambuur Stadion,Leeuwarden,Netherlands,10500
Estadio Parque Capurro,Montevideo,Uruguay,10000
Merkur Spielarena,Düsseldorf,Germany,9917
Poststadion,Moabit,Germany,10000
Karl-Liebknecht-Stadion,Babelsberg,Germany,10499
SNP Stadium,Banská Bystrica,Slovakia,10000
Zimbru Stadium,Sectorul Botanica,Moldova,10400
Stadionul 1 Mai (Slatina),Slatina,Romania,10000
Estadio CAP,Talcahuano,Chile,10500
Lawson Tama Stadium,Honiara,Solomon Islands,10000
Estadio Farid Richa,Barquisimeto,Venezuela,12480
Thai-Japanese Stadium,Din Daeng,Thailand,10320
Sattahip Navy Stadium,Sattahip,Thailand,12500
Estádio Municipal de Calulo,Calulo,Angola,10000
Stade 7 Mars,Ben Gardane,Tunisia,10000
Faisal Al-Husseini International Stadium,Al-Ram,State of Palestine,12500
NACK5 Stadium Omiya,Ōmiya Park,Japan,15500
Kincho Stadium,Higashisumiyoshi-ku,Japan,20500
ND Soft Stadium Yamagata,Tendō,Japan,20315
Soyu Stadium,Akita,Japan,20125
ETO Park,Győr,Hungary,16000
Estadio Insular,Las Palmas de Gran Canaria,Spain,21000
Buck Shaw Stadium,Santa Clara,United States of America,11500
Moda Center,Portland,United States of America,20636
Rio Tinto Stadium,Sandy,United States of America,20213
Lockhart Stadium,Fort Lauderdale,United States of America,20450
Royal Farms Arena,Baltimore,United States of America,14000
Estadio Corona,Torreón,Mexico,20100
Estadio Olímpico de C.U.,Puebla City,Mexico,20700
"Parc des Sports, Annecy",Annecy,France,15660
Dean Court,"Kings Park, Boscombe",United Kingdom,12000
Priestfield Stadium,Gillingham,United Kingdom,11582
Plough Lane,Wimbledon,United Kingdom,15876
Cappielow,Greenock,United Kingdom,11589
Estádio Campo Desportivo,Taipa,People's Republic of China,16000
Estádio Fonte Luminosa,Araraquara,Brazil,20287
Estádio Municipal 14 de Dezembro,Toledo,Brazil,20280
Olimp-2,Rostov-on-Don,Russia,15840
Erzgebirgsstadion,Ore Mountains,Germany,15690
Tsentralnyi Stadion (Vinnytsya),Vinnytsia,Ukraine,14000
Yuri Gagarin Stadium,Chernihiv,Ukraine,14000
Stadionul Francisc von Neumann,Arad,Romania,7287
Hristo Botev Stadium,Gabrovo,Bulgaria,14000
Bilino Polje Stadium,Bilino Polje,Bosnia and Herzegovina,15600
Stepanakert Stadium,Stepanakert,Azerbaijan,12000
Estadio La Independencia,Tunja,Colombia,20630
Estadio Cementos Progreso,Guatemala City,Guatemala,14022
"His Majesty the King's 80th Birthday Anniversary, 5th December 2007 Sports Complex",Nakhon Ratchasima,Thailand,20141
Machida Athletic Stadium,Machida,Japan,8924
Stadion Városi Vác,Vác,Hungary,9000
Nuevo Estadio Los Pajaritos,Soria,Spain,9025
Lionel Roberts Park,Charlotte Amalie,United States of America,9000
Oncenter War Memorial Arena,Syracuse,United States of America,8000
Stadio Degli Ulivi,Andria,Italy,9140
Stadio Tommaso Fattori,L’Aquila,Italy,9200
De Vliert,De Vliert,Netherlands,9000
Stadion Aldo Drosina,Pula,Croatia,9200
University Stadium,University of Manitoba,Canada,10000
Stadio Ezio Scida,Crotone,Italy,9631
Kalamaria Stadium,Kalamaria,Greece,6500
Estádio Municipal de Portimão,Portimão,Portugal,9544
Huish Park,Yeovil,United Kingdom,9565
Brisbane Road,Leyton,United Kingdom,9271
Penydarren Park,Merthyr Tydfil,United Kingdom,10000
A. Le Coq Arena,Kitseküla,Estonia,9692
Stadionul UMT,Timișoara,Romania,10000
Pafiako Stadium,Paphos,Cyprus,9394
Demang Lehman Stadium,Martapura,Indonesia,6500
Stade Abderrahmene Bensaci,Merouana,Algeria,10000
Olympic Park,Heidelberg West,Australia,10000
Takhti Stadium,Bandar Abbas,Iran,10000
Sakubva Stadium,Mutare,Zimbabwe,10000
University of Botswana Stadium,Gaborone,Botswana,10000
Stade de la Concorde,Bukavu,Democratic Republic of the Congo,10000
Stade Harry Latour,Mahébourg,Mauritius,10000
Stadio Enrico Rocchi,Viterbo,Italy,6000
Stadion Wiener Neustadt,Wiener Neustadt,Austria,10000
"Estadio ""La Bombonera""",Malvín Norte,Uruguay,6000
Estádio da Graça,João Pessoa,Brazil,6000
Stadion u Nisy,Liberec,Czech Republic,9900
Hadzhi Dimitar Stadium,Sliven,Bulgaria,10000
Gulia Tutberidze Stadium,Zugdidi,Georgia,7000
Estadio Carlos Dittborn,Arica,Chile,9956
Estadio Municipal de La Pintana,La Pintana,Chile,6000
Detelinara Stadium,Novi Sad,Serbia,6000
Darwin Football Stadium,Marrara,Australia,6000
Estadio Arsenio Erico,Asunción,Paraguay,10000
Estadio Roque F. Batelhana,Asunción,Paraguay,6000
Ato Boldon Stadium,Couva,Trinidad and Tobago,10000
Manny Ramjohn Stadium,Marabella,Trinidad and Tobago,10000
Shohada Stadium,Nowshahr,Iran,6000
Mkwakwani Stadium,Tanga,Tanzania,10000
Stade Beji Kaid Essebsi,La Marsa,Tunisia,6000
Box Bar Stadium,Banjul,The Gambia,10000
Åråsen Stadion,Lillestrøm,Norway,12250
Campo de Futbol La Murta,Xàtiva,Spain,9000
Den Dreef,Heverlee,Belgium,9493
De Vijverberg,Doetinchem,Netherlands,12600
Roots Hall,Southend-on-Sea,United Kingdom,12392
Aberdeen Sports Ground,Aberdeen,People's Republic of China,9000
Grünwalder Stadion,Munich,Germany,12500
Frankfurter Volksbank Stadion,Frankfurt am Main,Germany,12542
Estadio Unión Tarma,Tarma,Peru,9000
Lekhwiya Sports Stadium,Doha,Qatar,9000
Stade de l'USFA,Ouagadougou,Burkina Faso,9000
Merpati Stadium,Depok,Indonesia,10000
Gelora Handayani Stadium,Wonosari,Indonesia,10000
Nishigaoka Soccer Stadium,Kita-ku,Japan,9750
Veterans Memorial Stadium,Pago Pago,United States of America,10000
Sydbank Park,Haderslev,Denmark,10000
Stadio Romeo Neri,Rimini,Italy,9768
Stadio Centro d'Italia – Manlio Scopigno,Rieti,Italy,9980
Estadio Felipe Martínez Sandoval,Guadalajara,Mexico,10000
Estádio Luís Augusto de Oliveira,São Carlos,Brazil,10000
Uralmash Stadium,Yekaterinburg,Russia,10000
Warner Park Sporting Complex,Basseterre,Saint Kitts and Nevis,10000
Saitama Stadium 2002,Midori-ku,Japan,63700
Hitachi Kashiwa Soccer Stadium,Kashiwa,Japan,15900
Nou Estadi Castalia,Castelló de la Plana,Spain,16000
Estadio Las Gaunas,Logroño (municipality),Spain,16000
Estadio Municipal de Butarque,Leganés,Spain,11454
Estadio Francisco de la Hera,Almendralejo,Spain,11580
Estadio Torrero,Zaragoza,Spain,15020
Foxboro Stadium,Foxborough,United States of America,60292
Yankee Stadium,The Bronx,United States of America,58000
Örjans Vall,Halmstad,Sweden,15500
Stadio San Paolo,Naples,Italy,60240
Stadio San Nicola,Bari,Italy,58270
Denizli Atatürk Stadium,Denizli,Turkey,15427
Parc Olympique Lyonnais,Décines-Charpieu,France,59286
Emirates Stadium,Holloway,United Kingdom,60338
London Stadium,London,United Kingdom,60000
Celtic Park,Parkhead,United Kingdom,60355
East End Park,Dunfermline,United Kingdom,11480
Shenyang Olympic Sports Center Stadium,Shenyang,People's Republic of China,60000
Arena do Grêmio,Porto Alegre,Brazil,60540
Veltins Arena,Gelsenkirchen,Germany,62271
Mercedes-Benz Arena,Stuttgart,Germany,60441
Parkstadion,Gelsenkirchen,Germany,62008
Rudolf-Kalweit-Stadion,Hanover,Germany,16000
Doosan Arena,Plzeň,Czech Republic,11700
Ovcha Kupel Stadium,Sofia,Bulgaria,15992
Lokomotiv Stadium,Plovdiv,Bulgaria,11800
Gelora Bangkalan Stadium,Bangkalan,Indonesia,15000
Ahmad Yani Stadium,Sumenep,Indonesia,15000
Cape Town Stadium,Cape Town,South Africa,58309
Moses Mabhida Stadium,Durban,South Africa,62760
Dynamo Samarkand Stadium,Samarkand,Uzbekistan,16000
HaMoshava Stadium,Petah Tikva,Israel,11500
Nippatsu Mitsuzawa Stadium,Kanagawa-ku,Japan,15046
Debrecen Stadion,Debrecen,Hungary,20020
Estadio Municipal Juan Rojas,Almería,Spain,13468
Providence Park,Portland,United States of America,20438
Toyota Stadium,Frisco,United States of America,20500
Zdzisław Krzyszkowiak Stadium,Gdanska Street in Bydgoszcz,Poland,20247
Stadio Cino e Lillo Del Duca,Ascoli Piceno,Italy,20550
Stadio Marcello Melani,Pistoia,Italy,13195
Stadion Brühl,Grenchen,Switzerland,15100
İzmir Alsancak Stadium,İzmir,Turkey,15358
Siirt Atatürk Stadium,Siirt,Turkey,7000
Estádio de São Miguel,Ponta Delgada,Portugal,15277
GelreDome,Arnhem,Netherlands,21000
The Den,Bermondsey,United Kingdom,20146
Meadow Lane,Nottingham,United Kingdom,20229
Easter Road,Edinburgh,United Kingdom,20421
Academy Stadium,Sportcity,United Kingdom,7000
Qingdao Tiantai Stadium,Qingdao,People's Republic of China,20525
Estádio Martins Pereira,São José dos Campos,Brazil,15317
Estádio Municipal Maria Tereza Breda,Olímpia,Brazil,15022
Estádio Parque Esportivo Montanha dos Vinhedos,Bento Gonçalves,Brazil,15269
Start Stadium,Saransk,Russia,11581
Geolog Stadium,Tyumen,Russia,13057
Tsentralnyi Profsoyuz Stadion,Murmansk,Russia,13400
Gazi-Stadion auf der Waldau,Degerloch,Germany,11436
Stadion an der Kreuzeiche,Reutlingen,Germany,15228
Borisov Arena,Barysaw,Belarus,13121
Sinobo Stadium,Vršovice,Czech Republic,20800
Stadionul Viitorul,Scornicești,Romania,13500
Gradski Stadium Kumanovo,Kumanovo,North Macedonia,7000
Estadio El Cobre,El Salvador,Chile,20752
Estadio Tierra de Campeones,Iquique,Chile,13171
Čika Dača Stadium,Kragujevac,Serbia,15100
Central Coast Stadium,Gosford,Australia,20059
Estadio Padre Ernesto Martearena,Salta,Argentina,20408
Estadio 25 de Noviembre,Moquegua,Peru,21000
Hafezieh Stadium,Shiraz,Iran,14000
Al-Oruba Club Stadium,Sakakah governorate,Saudi Arabia,7000
Al Nahyan Stadium,Abu Dhabi,United Arab Emirates,12000
Incheon Football Stadium,Jung District,South Korea,20891
Sangju Civic Stadium,Sangju,South Korea,15042
Estadio Municipal Álvarez Claro,Melilla,Spain,12000
Pasarón Stadium,Pontevedra,Spain,12000
Estadio El Soto,Móstoles,Spain,14000
Soldier Field,Chicago,United States of America,61500
Oakland Coliseum,Oakland,United States of America,63122
Florent Beeckmanstadion,Denderleeuw,Belgium,12000
Myresjöhus Arena,Växjö,Sweden,12000
Stadio Danilo Martelli,Mantua,Italy,14844
Stade de la Maladière,Neuchâtel,Switzerland,12000
Sivas 4 Eylül Stadium,Sivas,Turkey,14998
Estadio José Nasazzi,Prado,Uruguay,15000
Jalisco Stadium,Guadalajara,Mexico,63200
Moi International Sports Centre,Kasarani,Kenya,60000
Nanjing Olympic Sports Centre,Nanjing,People's Republic of China,61443
Estádio Municipal Walter Ribeiro,Sorocaba,Brazil,13722
Zerão,Macapá,Brazil,13680
Audi Sportpark,Ingolstadt,Germany,15000
Benteler-Arena,Paderborn,Germany,15000
Stadion der Freundschaft,Frankfurt (Oder),Germany,12000
Kalevi Keskstaadion,Juhkentali,Estonia,12000
Slavutych Arena,Zaporizhzhia,Ukraine,12000
Avanhard Stadium,Uzhhorod,Ukraine,12000
Lankaran City Stadium,Lankaran,Azerbaijan,15000
Pavlodar Central Stadium,Pavlodar,Kazakhstan,15000
Estadio Municipal Nelson Oyarzún Arenas,Chillán,Chile,12000
Estadio Bicentenario de La Florida,La Florida,Chile,12000
Estadio Municipal de La Cisterna,La Cisterna,Chile,12000
Estadio Iván Elías Moreno,Lima,Peru,12000
PNG Football Stadium,Port Moresby,Papua New Guinea,12000
Estadio Alberto Grisales,Rionegro,Colombia,14020
Nassiri Stadium,Yazd,Iran,15000
Qatar SC Stadium,Doha,Qatar,12000
Al-Maktoum Stadium,Dubai,United Arab Emirates,12000
Thanh Hoa Stadium,Thanh Hóa,Vietnam,14000
Color Line Stadion,Ålesund,Norway,10778
UW–Milwaukee Panther Arena,Milwaukee,United States of America,12700
Nickerson Field,Boston,United States of America,10412
The Big E Coliseum,West Springfield,United States of America,6000
Bolt Arena,Taka-Töölö,Finland,10770
Landskrona IP,Landskrona,Sweden,11000
Stadio del Lido,Locarno,Switzerland,11000
Peristeri Stadium,Peristeri,Greece,10200
Almondvale Stadium,Livingston,United Kingdom,9865
Somerset Park,Ayr,United Kingdom,10185
Sochi Central Stadium,Sochi,Russia,10200
Central Stadium,Pyatigorsk,Russia,10300
WIRmachenDRUCK Arena,Aspach,Germany,10000
Regional Sport Complex Brestsky,Brest,Belarus,10169
Stadion Kollárova ulice,Vlašim,Czech Republic,6000
Stadion Topolica,Bar,Montenegro,6000
Shahid Dr. Azodi Stadium,Rasht,Iran,11000
Nicaragua National Football Stadium,Managua,Nicaragua,11000
Stade Banfora,Banfora,Burkina Faso,6000
Skagerak Arena,Skien,Norway,13500
Estadio Nuevo Vivero,Badajoz,Spain,11400
Montilivi Stadium,Girona,Spain,13500
Adolfo Suárez Stadium,Ávila,Spain,6000
Sears Centre,Hoffman Estates,United States of America,11218
Edmond Machtens Stadium,Brussels-Capital Region,Belgium,11000
Hietalahti Stadium,Hietalahti,Finland,6009
Stadio Città di Arezzo,Arezzo,Italy,13128
Stadio comunale Riva IV,Chiasso,Switzerland,11160
Nea Smyrni Stadium,Nea Smyrni,Greece,11115
19 Eylül Stadium,Ordu,Turkey,11024
Sparta Stadion Het Kasteel,Rotterdam,Netherlands,11026
New Douglas Park,Hamilton,United Kingdom,6078
Estádio de Los Larios,Xerém,Brazil,11000
Eduard Streltsov Stadium,Moscow,Russia,13450
Štadión pod Zoborom,Nitra,Slovakia,11384
Stadionul Oțelul,Galați,Romania,13500
Gjorgji Kyçyku Stadium,Pogradec,Albania,6000
Tsirio Stadium,Limassol,Cyprus,13331
Eleftheria Indoor Hall,Egkomi Lefkosias,Cyprus,6000
Kyperounda Community Stadium,Kyperounta,Cyprus,6000
Brígido Iriarte Stadium,Caracas,Venezuela,10000
Városi Stadion,Nyíregyháza,Hungary,13501
Estadio Ciudad de Tudela,Tudela,Spain,10000
Sakarya Atatürk Stadium,Adapazarı,Turkey,13216
Eskişehir Atatürk Stadium,Eskişehir,Turkey,13520
Alexandria Stadium,Alexandria,Egypt,13660
Suez Canal Stadium,Ismailia,Egypt,10000
Wunderino Arena,Vorstadt,Germany,13500
Hänsch-Arena,Meppen,Germany,13663
Stadionul Dacia,Mioveni,Romania,10000
Ambang Stadium,Kotamobagu,Indonesia,10000
Stade Omar Benhaddad,Algiers,Algeria,10000
Al Ahli Stadium,Manama,Bahrain,10000
Estadio Antonio José de Sucre,Puerto Ayacucho,Venezuela,10000
Estadio Yankel Rosenthal Cuello,San Pedro Sula,Honduras,10000
Estadio Universitario UES,San Salvador,El Salvador,10000
Netanya Stadium,Netanya,Israel,13610
Gwangyang Football Stadium,Gwangyang,South Korea,13496
Ranjit Mallick Cricket Stadium,Dhaka,Bangladesh,10000
Marienlyst Stadion,Drammen,Norway,7500
Estadio El Plantío,Burgos,Spain,16000
Sleep Train Arena,Sacramento,United States of America,16517
Hersheypark Stadium,Hershey,United States of America,15641
Stade de la Pépinière,Poitiers,France,15750
Estádio Municipal Professor Dario Rodrigues Leite,Guaratinguetá,Brazil,15769
Melão,Varginha,Brazil,15471
Stadionul Jiul,Petroșani,Romania,15500
Buffalo City Stadium,East London,South Africa,16000
Panaad Stadium,Bacolod,Philippines,15500
Ichihara Seaside Stadium,Ichihara,Japan,14051
Aspmyra Stadion,Bodø,Norway,7354
Estadio El Alcoraz,Huesca,Spain,7500
Estadio Nuevo Mirador,Algeciras,Spain,7500
Estadio Ciudad de Puertollano,Puertollano,Spain,7240
Estadio Municipal de Marbella,Marbella,Spain,7300
Capelli Sport Stadium,Rochester,United States of America,13768
Spartan Stadium,East Lansing,United States of America,14000
Oscar Vankesbeeck Stadion,Mechelen,Belgium,13687
Strandvallen,Hällevik,Sweden,7500
Stadio Guido Angelini,Chieti,Italy,7499
Stadio Teofilo Patini,Castel di Sangro,Italy,7220
Stadio Gaetano Bonolis,Teramo,Italy,7498
Stadio Porta Elisa,Lucca,Italy,7386
Stadion Breite,Schaffhausen,Switzerland,7300
Adana 5 Ocak Stadium,Reşatbey,Turkey,14085
Recep Tayyip Erdoğan Stadium,Istanbul,Turkey,14234
De Koel,Venlo,Netherlands,7500
Stade Francis Turcan,Martigues,France,11500
Stade Olympique Yves-du-Manoir,Colombes,France,14000
Fir Park,Motherwell,United Kingdom,13677
Dens Park,Dundee,United Kingdom,11506
Tannadice Park,Dundee,United Kingdom,14229
Estádio Parque São Jorge,São Paulo,Brazil,13969
Südstadion,Cologne,Germany,13750
Všesportovní stadion,Hradec Králové,Czech Republic,7220
Gany Muratbayev Stadium,Kyzylorda,Kazakhstan,7300
Republican Stadium,Yerevan,Armenia,14403
Karađorđe Stadium,Novi Sad,Serbia,14458
Estadio Guillermo Soto Rosa,Mérida,Venezuela,14000
Estadio Metropolitano de Techo,Bogotá,Colombia,7300
Matsumotodaira Football Stadium,Matsumoto,Japan,20396
Nishikyogoku Athletic Stadium,Kyoto,Japan,20588
Pocarisweat Stadium,Naruto,Japan,20441
Estadio Nuevo Arcángel,Córdoba,Spain,21822
Estadio Heliodoro Rodríguez López,Santa Cruz de Tenerife,Spain,21732
Estadio Nuevo Colombino,Huelva,Spain,21670
Astrodome,Houston,United States of America,62439
James M. Shuart Stadium,Hempstead,United States of America,11929
Lincoln Yards Stadium,Chicago,United States of America,20000
Constant Vanden Stock Stadium,Anderlecht,Belgium,21500
Stadio Alberto Braglia,Modena,Italy,21151
Stadio Mario Rigamonti,Brescia,Italy,16308
Stadio degli Oliveti,Massa,Italy,11500
Tivoli,Innsbruck,Austria,15922
Balıkesir Atatürk Stadium,Balıkesir,Turkey,15800
Nemesio Díez Stadium,Toluca,Mexico,21091
Fratton Park,"Milton, Portsmouth",United Kingdom,21100
Tianhe Stadium,Tianhe District,People's Republic of China,58500
Estádio Presidente Vargas,Fortaleza,Brazil,20600
Stadion an der Bremer Brücke,Osnabrück,Germany,16130
Stadion An der Alten Försterei,Köpenick,Germany,21704
Stadionul Farul,Constanța,Romania,15500
Stadionul Ilie Oană,Ploiești,Romania,15500
Makario Stadium,Nicosia,Cyprus,15590
Estadio Sausalito,Viña del Mar,Chile,21739
Shahid Bahonar Stadium,Kerman,Iran,15430
Stade de Port-Gentil,Port-Gentil,Gabon,20000
Muteesa II Stadium,Kampala,Uganda,20200
BMO Field,Toronto,Canada,21566
Sagamihara Asamizo Park Stadium,Minami-ku,Japan,11808
Lerkendal Stadion,Trondheim,Norway,21166
Viking Stadion,Jåtten,Norway,16300
Estadio de los Juegos Mediterráneos,Almería,Spain,22000
Juan Ramón Loubriel Stadium,Cerro Gordo,United States of America,22000
Pechanga Arena,Midway,United States of America,12000
Estadio Olímpico de la UACH,Chihuahua City,Mexico,22000
Prenton Park,Birkenhead,United Kingdom,16567
Home Park,Plymouth,United Kingdom,16388
Pittodrie Stadium,Aberdeen,United Kingdom,21421
Estádio Urbano Caldeira,Santos,Brazil,16068
Estádio do Canindé,São Paulo,Brazil,21004
Estádio Municipal Pedro Benedetti,Mauá,Brazil,11986
Dinamo Stadium,Minsk,Belarus,22000
Stožice Stadium,Ljubljana,Slovenia,16038
Parramatta Stadium,Sydney,Australia,21500
Bourda,Georgetown,Guyana,22000
Estadio Guillermo Plazas Alcid,Neiva,Colombia,22000
Thamir Stadium,Salmiya,Kuwait,16105
Mohammed Al-Hamad Stadium,Hawalli,Kuwait,22000
Hàng Đẫy Stadium,Hanoi,Vietnam,22000
Stade Chedli Zouiten,Tunis,Tunisia,22000
Botswana National Stadium,Gaborone,Botswana,22000
Intwari Stadium,Bujumbura,Burundi,22000
Roumdé Adjia Stadium,Garoua,Cameroon,22000
Stadion ETO,Győr,Hungary,25000
Estadio de la Cerámica,Vila-real,Spain,24890
Estadio de Vallejo,Valencia,Spain,18000
Cristal Arena,Genk,Belgium,25000
Arena Garibaldi – Stadio Romeo Anconetani,Pisa,Italy,25000
Stadio Atleti Azzurri d'Italia,Bergamo,Italy,24950
Letzigrund,Zürich,Switzerland,25000
Suez Stadium,Suez,Egypt,25000
Estadio Carlos Iturralde,Merida,Mexico,18000
Rugby Park,Kilmarnock,United Kingdom,18128
Estádio São Januário,Rio de Janeiro,Brazil,25000
Estádio Bento de Abreu,São Paulo,Brazil,18000
Estádio Bento Freitas,Pelotas,Brazil,18000
Estádio Novelli Júnior,Itu,Brazil,18000
Estádio Major José Levy Sobrinho,Limeira,Brazil,23475
Stadion an der Gellertstraße,Gellertstraße,Germany,25000
Stadion Rote Erde,Dortmund,Germany,25000
Lazur Stadium,Burgas,Bulgaria,18037
Wollongong Showground,Wollongong,Australia,23750
Estadio Presbítero Bartolomé Grella,Paraná,Argentina,23500
National Stadium,Suva,Fiji,25000
José Antonio Páez,Araure,Venezuela,18000
Estadio Gilberto Parada,Montero,Bolivia,18000
Al-Ahmadi Stadium,Al Ahmadi,Kuwait,18000
Al-Hamadaniah Stadium,Aleppo,Syria,18000
Za'abeel Stadium,Dubai,United Arab Emirates,18000
Maktoum Bin Rashid Al Maktoum Stadium,Dubai,United Arab Emirates,18000
Changlimithang Stadium,Thimphu,Bhutan,25000
Camp d'Esports,Lleida,Spain,15000
Białystok City Stadium,Białystok,Poland,15000
Cebeci İnönü Stadium,Ankara,Turkey,15000
Erve Asito,Almelo,Netherlands,12080
MCS Rukh,Ivano-Frankivsk,Ukraine,15000
Beroe Stadium,Stara Zagora,Bulgaria,12128
Gradski stadion Tetovo,Tetovo,North Macedonia,15000
Tušanj City Stadium,Tuzla,Bosnia and Herzegovina,15000
Erosi Manjgaladze Stadium,Samtredia,Georgia,15000
Užice City Stadium,Užice,Serbia,12000
Novi Pazar City Stadium,Novi Pazar,Serbia,12000
Ratu Cakobau Park,Nausori,Fiji,12000
Estadio Óscar Alberto Quiteño,Santa Ana,El Salvador,15000
Juba Stadium,Juba,South Sudan,15000
Stade Germain Comarmond,Bambous,Mauritius,15000
Canutillo Stadium,Canutillo,United States of America,12000
Valby Idrætspark,Valby,Denmark,12000
Stadio Alberto Pinto,Caserta,Italy,12000
Georgios Kamaras Stadium,Rizoupoli,Greece,14856
Campo Manuel Marques,Torres Vedras,Portugal,12000
El Gouna Stadium,El Gouna,Egypt,12000
Stade Victor Boucquey,Lille,France,15000
Stade de Sauclières,Béziers,France,12000
Springfield Park,Wigan,United Kingdom,12000
Estádio Jair Bittencourt,Itaperuna,Brazil,12000
Panayot Volov Stadium,Shumen,Bulgaria,12000
Tomori Stadium,Berat,Albania,14500
Estadio San Martín,San Martín,Argentina,12000
Estadio Mariscal Cáceres,Tumbes,Peru,12000
Cooperage Ground,Mumbai,India,12000
Estadio Etho Vega,Santo Domingo,Ecuador,12000
Estadio Polideportivo Sur,Envigado,Colombia,12000
Foolad Shahr Stadium,Fuladshahr,Iran,15000
SCG Stadium,Pak Kret,Thailand,15000
Vinh Stadium,Vinh,Vietnam,12000
Brann Stadion,Bergen,Norway,17686
Estadio Carlos Belmonte,Albacete,Spain,17524
Estadio El Helmántico,Villares de la Reina,Spain,17341
Cotton Bowl,Dallas,United States of America,92100
Dick's Sporting Goods Park,Commerce City,United States of America,17424
Stadio Paolo Mazza,Ferrara,Italy,17955
Dire Dawa Stadium,Dire Dawa,Ethiopia,18000
Cape Coast Sports Stadium,Cape Coast,Ghana,15000
Avignon Sports Ground,Avignon,France,17518
Tynecastle Park,Edinburgh,United Kingdom,17529
Estádio da Ressacada,Florianópolis,Brazil,17800
Traktor Stadium,Minsk,Belarus,17600
Bazaly,Slezská Ostrava,Czech Republic,17372
Eighth Kilometer District Stadium,Nizami raion,Azerbaijan,15000
Haji Agus Salim Stadium,Padang,Indonesia,15000
Estadio Alejandro Morera Soto,Alajuela,Costa Rica,17700
Estádio 4 de Janeiro,Uíge,Angola,12000
Banadir Stadium,Mogadishu,Somalia,15000
Northlands Coliseum,Edmonton,Canada,16839
Estadio Multiusos de San Lázaro,Santiago de Compostela,Spain,16666
Estadio Santiago Bernabéu,Madrid,Spain,81044
Campos de Sport de El Sardinero,Santander,Spain,22222
BBVA Stadium,Houston,United States of America,22039
Pontiac Silverdome,Pontiac,United States of America,82000
Honda Center,Anaheim,United States of America,17174
Tampere Stadium,Ratina,Finland,16800
Olympia,Helsingborg,Sweden,17200
Sardegna Arena,Cagliari,Italy,16233
Swissporarena,Lucerne,Switzerland,16800
Olympic Stadium,Marousi,Greece,75219
Kleanthis Vikelidis Stadium,Thessaloniki,Greece,22800
Atatürk Olympic Stadium,Ziya Gökalp,Turkey,80597
Gaziantep Kamil Ocak Stadium,Gaziantep,Turkey,16981
İsmet Paşa Stadium,Derince,Turkey,16750
Zeytinburnu Stadium,Zeytinburnu,Turkey,16000
AFAS Stadion,Alkmaar,Netherlands,17023
Euroborg,Groningen,Netherlands,22579
Cairo International Stadium,Nasr City,Egypt,100500
Aluminium Stadium,Nag Hammadi,Egypt,16000
Bahir Dar Stadium,Bahir Dar,Ethiopia,60000
Stade Parsemain,Fos-sur-Mer,France,17000
Wembley Stadium,Wembley,United Kingdom,82000
Old Trafford,Old Trafford,United Kingdom,75731
Tottenham Hotspur Stadium,Tottenham,United Kingdom,62062
Estádio Independência,Belo Horizonte,Brazil,23018
Estádio Nhozinho Santos,São Luís,Brazil,16500
Estádio Municipal dos Amaros,Itápolis,Brazil,16143
Allianz Arena,Munich,Germany,85000
Balgarska Armia Stadium,Sofia,Bulgaria,22015
GSP Stadium,Strovolos,Cyprus,22859
National Heroes Stadium,Lusaka,Zambia,60000
Mogadishu Stadium,Mogadishu,Somalia,60000
Mercedes-Benz Stadium,Atlanta,United States of America,75000
Malmö stadion,Hyllie,Sweden,26500
Stadio Renato Curi,Perugia,Italy,28000
Stadio Olimpico Grande Torino,Turin,Italy,28177
Kaftanzoglio Stadium,Thessaloniki,Greece,28028
Abe Lenstra Stadion,Heerenveen,Netherlands,26100
Nairobi City Stadium,Nairobi,Kenya,15000
Stadium Lille Métropole,Villeneuve-d'Ascq,France,18154
Carrow Road,Norwich,United Kingdom,27244
Tower Athletic Ground,New Brighton,United Kingdom,100000
Dalian Sports Center,Dalian,People's Republic of China,80000
Arena da Baixada,Curitiba,Brazil,28413
Estádio Palma Travassos,Ribeirão Preto,Brazil,17360
"""RZD arena"" Stadium",Moscow,Russia,27320
MDCC-Arena,Magdeburg,Germany,27250
Stadionul Nicolae Dobrin,Pitești,Romania,15000
Estadio Nacional,Lima,Peru,40000
Arena Manawatu,Palmerston North,New Zealand,18000
Darulmakmur Stadium,Kuantan,Malaysia,40000
Sarawak Stadium,Kuching,Malaysia,40000
Kalutara Stadium,Kalutara,Sri Lanka,15000
Barbourfields Stadium,Bulawayo,Zimbabwe,40000
Stade des Martyrs,Kinshasa,Democratic Republic of the Congo,80000
Fukushima Azuma Stadium,Fukushima,Japan,21000
Campo de Fútbol de Vallecas,Puente de Vallecas,Spain,14708
Nassau Veterans Memorial Coliseum,Uniondale,United States of America,16170
Estadio Francisco Montaner,Ponce,United States of America,16000
Stade du Pays de Charleroi,Charleroi,Belgium,14891
Stade Tourbillon,Sion,Switzerland,16263
Stade Maurice Trélut,Tarbes,France,16400
Estádio Giulite Coutinho,Mesquita,Brazil,16000
Estádio Joia da Princesa,Feira de Santana,Brazil,16274
Estádio Mauro Sampaio,Juazeiro do Norte,Brazil,16000
Estádio Nabi Abi Chedid,Bragança Paulista,Brazil,21209
Estádio Willie Davids,Maringá,Brazil,21600
Lohrheidestadion,Bochum,Germany,16233
Bonchuk Stadium,Dupnitsa,Bulgaria,16050
Belite Orli Stadium,Pleven,Bulgaria,22000
Chernomorets Stadium,Burgas,Bulgaria,22000
Chatsworth Stadium,Chatsworth,South Africa,22000
Bellerive Oval,Bellerive,Australia,16200
"Jawaharlal Nehru Stadium, Kochi",Kaloor,India,60000
Estadio Nueva Esparta,Porlamar,Venezuela,16100
Estadio 7 de Octubre,Quevedo,Ecuador,16200
Estadio Jaime Morón León,Cartagena,Colombia,16068
Turner Stadium,Beersheba,Israel,16126
Al-Sadaqua Walsalam Stadium,Adiliya,Kuwait,16000
Olympic Stadium of Radès,Radès,Tunisia,60000
National Sports Stadium,Harare,Zimbabwe,60000
Rufaro Stadium,Harare,Zimbabwe,60000
Grand Stade de Tanger,Tangier,Morocco,60000
Fadil Vokrri Stadium,Pristina,Kosovo,16200
Todoroki Athletics Stadium,Kawasaki,Japan,25000
Children's Mercy Park,Kansas City,United States of America,25000
Stadio Pino Zaccheria,Foggia,Italy,25000
Stadio Flaminio,Rome,Italy,24973
Stadio Oreste Granillo,Reggio Calabria,Italy,27543
Stadio Ciro Vigorito,Benevento,Italy,25000
Estadio Luis Tróccoli,Montevideo,Uruguay,25000
Parque Asturias,Mexico City,Mexico,25000
Estadio Tecnológico de Oaxaca,Oaxaca de Juárez,Mexico,15000
The Darlington Arena,Darlington,United Kingdom,25000
Kapten I Wayan Dipta Stadium,Bali,Indonesia,25000
Mandala Krida Stadium,Yogyakarta,Indonesia,25000
Estadio 15 de Abril,Santa Fe,Argentina,25000
Amman International Stadium,Amman,Jordan,25000
New Laos National Stadium,Vientiane,Laos,25000
Thong Nhat Stadium,Ho Chi Minh City,Vietnam,25000
Stade Bouaké,Bouaké,Ivory Coast,25000
Sani Abacha Stadium,Kano,Nigeria,25000
Tim Hortons Field,Hamilton,Canada,22500
Giants Stadium,East Rutherford,United States of America,80242
Mapfre Stadium,Columbus,United States of America,22555
Tiger Stadium,Detroit,United States of America,23000
Downing Stadium,New York City,United States of America,22000
Borg El Arab Stadium,Alexandria,Egypt,86000
Estadio Azteca,Tlalpan,Mexico,115000
Estadio Olímpico Benito Juárez,Ciudad Juárez,Mexico,22300
Guangdong Olympic Stadium,Guangzhou,People's Republic of China,80012
Fuling Stadium,Chongqing,People's Republic of China,22000
Arena Joinville,Joinville,Brazil,22400
Estádio Zequinha Roriz,Luziânia,Brazil,22000
Stadionul Nicolae Rainea,Galați County,Romania,23000
Gradski Vrt Stadium,Osijek,Croatia,22050
Omar Hamadi Stadium,Bologhine,Algeria,17000
Estadio Elías Figueroa Brander,Valparaíso,Chile,23000
Smederevo City Stadium,Smederevo,Serbia,17200
Estadio Ciudad de Caseros,Caseros,Argentina,16740
Guru Gobind Singh Stadium,Jalandhar,India,22000
Shree Shiv Chhatrapati Sports Complex,Pune,India,22000
Estadio Chillogallo,Quito,Ecuador,22500
Estadio Eduardo Santos,Santa Marta,Colombia,23000
Deir ez-Zor Municipal Stadium,Deir ez-Zor,Syria,17000
Ninh Binh Stadium,Ninh Bình,Vietnam,22000
Nilphamari Stadium,Nilphamari District,Bangladesh,21359
Visit Mallorca Stadi,Palma de Mallorca,Spain,23142
The Forum,Inglewood,United States of America,17500
Los Angeles Memorial Coliseum,Los Angeles,United States of America,77500
Mayagüez Athletics Stadium,Mayagüez,United States of America,12000
Banc of California Stadium,Los Angeles,United States of America,22000
Ernest Pohl Stadium,Zabrze,Poland,24563
Stadio Silvio Piola (Novara),Novara,Italy,17875
Stadio Dino Manuzzi,Cesena,Italy,23860
Stadio Libero Liberati,Terni,Italy,17460
Stadio Angelo Massimino,Catania,Italy,23420
Stadio Bruno Benelli,Ravenna,Italy,12020
Tivoli Stadion Tirol,Innsbruck,Austria,17400
Linzer Stadion,Linz,Austria,18000
Generali Arena,Vienna,Austria,17656
Jardines Del Hipódromo,Montevideo,Uruguay,18000
Estadio El Hogar,Heroica Matamoros,Mexico,22000
John Smith's Stadium,Huddersfield,United Kingdom,24500
Estádio do Morumbi,São Paulo,Brazil,120000
Estádio da Curuzú,Belém,Brazil,12000
Schwarzwald-Stadion,Freiburg im Breisgau,Germany,24000
Eintracht-Stadion,Brunswick,Germany,24406
Stadionul Ceahlăul,Piatra Neamț,Romania,18000
Almaty Central Stadium,Almaty,Kazakhstan,23804
Estadio Augusto César Sandino,Santa Clara,Cuba,18000
Middle Park,Albert Park and Lake,Australia,18000
Estadio Arquitecto Ricardo Etcheverry,Caballito,Argentina,24442
Mishref Stadium,Mishref,Kuwait,12000
KLFA Stadium,Bandar Tun Razak,Malaysia,18000
Sirrine Stadium,Greenville,United States of America,15000
May 17th Stadium,Banjarmasin,Indonesia,15000
Semarak Stadium,Bengkulu,Indonesia,15000
Gelora 17 December Stadium,Mataram,Indonesia,15000
Knights Stadium,Sunshine North,Australia,15000
Marrara Stadium,Marrara,Australia,15000
Vatani Stadium,Qaem Shahr,Iran,15000
Laos National Stadium,Vientiane,Laos,15000
United Stadium of Chiangrai,Ban Du,Thailand,15000
Phichit Stadium,Phichit,Thailand,15000
Estadio Romano,Mérida,Spain,14600
Nou Estadi de Tarragona,Tarragona,Spain,14591
Herman Vanderpoortenstadion,Lier,Belgium,14538
Stockholm Olympic Stadium,Norra Djurgården,Sweden,14500
Stadio Nicola Ceravolo,Catanzaro,Italy,14650
Koning Willem II Stadion,Tilburg,Netherlands,14637
De Baandert,Sittard,Netherlands,14500
Parc y Scarlets,"Pemberton, Carmarthenshire",United Kingdom,14870
Haixia Olympic Center Stadium,Fuzhou,People's Republic of China,60000
Zvezda,Perm,Russia,14999
Baltika Stadium,Kaliningrad,Russia,14660
Stadionul Cotroceni,Bucharest,Romania,14542
Shanghai Stadium,Xuhui District,People's Republic of China,80000
Azadi Stadium,Tehran,Iran,84000
Kimiidera Athletic Stadium,Wakayama,Japan,24500
Kazım Karabekir Stadium,Erzurum,Turkey,23700
Baenão,Belém,Brazil,17518
Estádio Jayme Cintra,Jundiaí,Brazil,15000
JSC ZAZ Stadium,Zaporizhzhia,Ukraine,15000
Baharuddin Siregar Stadium,Lubuk Pakam,Indonesia,15000
Estadio Alfredo Beranger,Turdera,Argentina,24000
Estadio Bautista Gargantini,Capital Department,Argentina,24000
"Estadio Monumental ""U""",Ate,Peru,80093
Estadio Ciudad de Cumaná,Ayacucho,Peru,15000
Estadio Manuel Calle Lombana,Villavicencio,Colombia,15000
Sultan Ismail Nasiruddin Shah Stadium,Kuala Terengganu,Malaysia,15000
Amaan Stadium,Unguja,Tanzania,15000
Stade de Virunga,Goma,Democratic Republic of the Congo,15000
Stade d'Agadir,Agadir,Morocco,84023
Mizuho Athletic Stadium,Nagoya,Japan,27000
Thomond Park,Limerick,Ireland,26500
Estadi Ciutat de València,Valencia,Spain,26354
SAP Center,San Jose,United States of America,19190
Inter Miami CF Stadium,Fort Lauderdale,United States of America,18000
Gamla Ullevi,Gothenburg,Sweden,18416
Juventus Stadium,Turin,Italy,41507
Stadio Erasmo Iacovone,Taranto,Italy,27584
Pankritio Stadium,Heraklion,Greece,26240
León Stadium,León,Mexico,27432
Caliente Stadium,Tijuana,Mexico,27333
Stade Saint-Symphorien,Metz,France,26671
Kiyan Prince Foundation Stadium,White City,United Kingdom,18439
Stamford Bridge stadium,Fulham,United Kingdom,41875
Ashton Gate Stadium,Bristol,United Kingdom,27699
The Valley,Charlton,United Kingdom,27111
Selhurst Park,Selhurst,United Kingdom,26255
Frasqueirão,Natal,Brazil,18000
VTB Arena,Moscow,Russia,27000
Rosenaustadion,Augsburg,Germany,28000
Trolli Arena,Fürth,Germany,18500
Stadion am Böllenfalltor,Darmstadt,Germany,19000
Stadionul Iuliu Bodola,Oradea,Romania,18000
Stadionul Olimpia,Satu Mare,Romania,18000
Mikheil Meskhi Stadium,Tbilisi,Georgia,27223
Robina Stadium,Robina,Australia,27400
Estadio José Dellagiovanna,"Victoria, Buenos Aires",Argentina,26282
Estadio Miguel Grau,Bellavista,Peru,18000
Estadio Sierra Nevada,Santa Marta,Colombia,18000
Hasely Crawford Stadium,Port of Spain,Trinidad and Tobago,27000
Köpetdag Stadium,Ashgabat,Turkmenistan,26000
Dura International Stadium,"Dura, Hebron",State of Palestine,18000
Estadio Municipal de La Línea de la Concepción,La Línea de la Concepción,Spain,20000
Türk Telekom Stadium,Sarıyer,Turkey,52652
Cuauhtémoc Stadium,Puebla City,Mexico,51726
Estadio Plan de San Luis Potosí,"Salinas de Hidalgo, San Luis Potosí",Mexico,20000
Anfield,Liverpool,United Kingdom,54167
Etihad Stadium,Etihad Campus,United Kingdom,55097
Yuanshen Sports Centre Stadium,Pudong,People's Republic of China,20000
Zibo Sports Center Stadium,Zibo,People's Republic of China,45000
Yizhong Sports Center,Qingdao,People's Republic of China,45000
Estádio Vila Capanema,Curitiba,Brazil,20000
Estádio Kléber Andrade,Cariacica,Brazil,45000
Machadão,Natal,Brazil,45000
Volksparkstadion,Bahrenfeld,Germany,51500
Harapan Bangsa Stadium,Banda Aceh,Indonesia,45000
Brawijaya Stadium,Kediri,Indonesia,20000
Estadio Roberto Natalio Carminatti,Bahía Blanca,Argentina,20000
Estadio Universidad San Marcos,Lima,Peru,67469
Providence Stadium,"Providence, Guyana",Guyana,20000
Naghsh-e-Jahan Stadium,Isfahan,Iran,45000
King Abdullah Stadium,Amman,Jordan,20000
Utama Negeri Stadium,Kangar,Malaysia,20000
Latakia Sports City Stadium,Latakia,Syria,45000
Thammasat Stadium,Thammasat University,Thailand,20000
Thai Army Sports Stadium,Phaya Thai,Thailand,20000
MA Aziz Stadium,Chittagong,Bangladesh,20000
Estádio Nacional do Chiazi,Cabinda,Angola,20000
Stade Mustapha Ben Jannet,Monastir,Tunisia,20000
Otunba Dipo Dina International Stadium,Ijebu Ode,Nigeria,20000
Mandela National Stadium,Bweyogerere,Uganda,45202
Bank of America Stadium,Charlotte,United States of America,73778
Rice–Eccles Stadium,University of Utah,United States of America,45017
Tampa Stadium,Tampa,United States of America,46481
Estádio Olímpico do Pará,Belém,Brazil,45007
Otkrytie Arena,Moscow,Russia,45360
Vasil Levski National Stadium,Borisova gradina,Bulgaria,43230
Estadio Monumental,Macul,Chile,47000
Sydney Football Stadium,Moore Park,Australia,45500
Estadio Malvinas Argentinas,Mendoza,Argentina,40268
Estadio Brigadier General Estanislao López,Santa Fe,Argentina,47000
Estadio Monumental Virgen de Chapi,Arequipa,Peru,40370
Vivekananda Yuva Bharati Krirangan,Kolkata,India,68000
Estadio Metropolitano de Mérida,Mérida,Venezuela,42200
Polideportivo Cachamay,Ciudad Guayana,Venezuela,45600
Estadio Polideportivo de Pueblo Nuevo,San Cristóbal,Venezuela,42500
Atanasio Girardot Sports Complex,Medellín,Colombia,40943
Estadio Metropolitano Roberto Meléndez,Barranquilla,Colombia,46692
Estadio Olímpico Pascual Guerrero,Cali,Colombia,42200
Estadio Cuscatlán,San Salvador,El Salvador,45925
King Fahd International Stadium,Riyadh,Saudi Arabia,68752
Aleppo International Stadium,Aleppo,Syria,75000
My Dinh National Stadium,Nam Từ Liêm,Vietnam,40192
Fez Stadium,Fez,Morocco,45000
Al-Merreikh Stadium,Omdurman,Sudan,43000
Ajinomoto Stadium,Chōfu,Japan,50100
Lansdowne Road,Ballsbridge,Ireland,48000
Abanca Balaídos Stadium,Vigo,Spain,29000
Jan Breydel Stadium,Sint-Andries,Belgium,30000
Stade Olympique de la Pontaise,Lausanne,Switzerland,50000
Toumba Stadium,Thessaloniki,Greece,28703
Şükrü Saracoğlu Stadium,Kadıköy,Turkey,50509
Estádio do Dragão,Porto,Portugal,50431
Estádio José Alvalade,Lisbon,Portugal,50095
Estadio Akron,Zapopan,Mexico,50850
"Hidalgo Stadium "" the hurricane """,Pachuca,Mexico,30000
"Estadio Luis ""Pirata"" Fuente","Boca del Río, Veracruz",Mexico,30000
Estadio Víctor Manuel Reyna,Tuxtla Gutiérrez,Mexico,29001
Nyayo National Stadium,Nairobi,Kenya,30000
Parc des Princes,Paris,France,47929
Estádio Brinco de Ouro,Campinas,Brazil,29130
Arena CSKA,Khodynka Field,Russia,30000
Stadion Nürnberg,Nuremberg,Germany,50000
Estadio Pedro Marrero,Havana,Cuba,30000
Andi Mattalata Stadium,Makassar,Indonesia,30000
Stade Mohamed Hamlaoui,Constantine,Algeria,30000
Bahrain National Stadium,Riffa,Bahrain,30000
Stade Amahoro,Kigali,Rwanda,30000
Khartoum Stadium,Khartoum,Sudan,30000
Olympic Stadium Adem Jashari,Mitrovica,Kosovo,28500
Suita Stadium,Suita,Japan,40000
Estadio Ramón Sánchez Pizjuán,Seville,Spain,45500
Robert F. Kennedy Memorial Stadium,Southeast,United States of America,43500
Stadion Energa Gdańsk,Gdańsk,Poland,43615
Baba Yara Stadium,Kumasi,Ghana,40500
Royal Gymnasium Ground,Edinburgh,United Kingdom,40000
Helan Mountain Stadium,Yinchuan,People's Republic of China,39872
Estádio Nilton Santos,Rio de Janeiro,Brazil,46931
Almeidão,João Pessoa,Brazil,40000
Estádio Olímpico Regional Arnaldo Busatto,Cascavel,Brazil,28125
Metalist Stadium,Kharkiv,Ukraine,40003
Mbombela Stadium,Mbombela,South Africa,43500
Belmore Sports Ground,Belmore,Australia,25000
Estadio Garcilaso,Cuzco,Peru,45000
G. M. C. Balayogi Athletic Stadium,Gachibowli,India,40000
"Jawaharlal Nehru Stadium, Chennai",Chennai,India,40000
Sree Kanteerava Stadium,Bengaluru,India,40000
Estadio Deportivo Cali,Palmira,Colombia,42000
Estadio Departamental Libertad,San Juan de Pasto,Colombia,25000
Estadio Manuel Murillo Toro,Ibagué,Colombia,28179
Estadio Nacional de Costa Rica,San José,Costa Rica,25000
Hang Jebat Stadium,Krubong,Malaysia,40000
Tuanku Abdul Rahman Stadium,Paroi,Malaysia,40000
Peoples Football Stadium,Karachi,Pakistan,40000
Ahmed bin Ali Stadium,Umm Al Afaei,Qatar,44740
Thani bin Jassim Stadium,Al Rayyan Municipality,Qatar,44740
Al-Markhiya Stadium,Doha,Qatar,40000
Mohammed Bin Zayed Stadium,Abu Dhabi,United Arab Emirates,42056
Lạch Tray Stadium,Haiphong,Vietnam,28000
Civo Stadium,Lilongwe,Malawi,40000
Bo Stadium,Bo,Sierra Leone,25000
Okinawa Athletic Stadium,Okinawa,Japan,25000
Red Bull Arena,Harrison,United States of America,25189
Stadio Friuli,Udine,Italy,25312
Bursa Atatürk Stadium,Bursa,Turkey,25213
Old Stadion,Amsterdam,Netherlands,30000
30 June Stadium,Cairo,Egypt,30000
Estadio Alfonso Lastras,"Salinas de Hidalgo, San Luis Potosí",Mexico,25709
El Kraken (Stadium),Mazatlán,Mexico,25000
Woldiya Stadium,Weldiya,Ethiopia,25155
Craven Cottage,Fulham,United Kingdom,25700
Cathkin Park,Glasgow,United Kingdom,50000
Yiyang Stadium,Yiyang,People's Republic of China,30000
Shuangliu Sports Centre,Shuangliu District,People's Republic of China,25000
Douradão,Dourados,Brazil,30000
Arena Fonte Nova,"Nazaré, Salvador",Brazil,48747
Khazar Stadium,Kaspiysk,Russia,30000
Stadion Za Lužánkami,Brno,Czech Republic,50000
Ganja City Stadium,Ganja,Azerbaijan,25000
Gelora 10 November Stadium,Tambaksari,Indonesia,30000
Wilis Stadium,Madiun,Indonesia,25000
Canberra Stadium,Bruce,Australia,25011
Sydney Showground Stadium,Sydney Olympic Park,Australia,25000
"Estadio Norberto ""Tito"" Tomaghello",Florencio Varela,Argentina,25000
Waikato Stadium,Hamilton,New Zealand,25800
Guru Nanak Stadium,Ludhiana,India,30000
Estadio Daniel Villa Zapata,Barrancabermeja,Colombia,30000
Estadio Juan Carlos Durán,Santa Cruz de la Sierra,Bolivia,25000
Estadio Libertador Simón Bolívar,La Paz,Bolivia,25000
Imam Reza Stadium,Mashhad,Iran,25000
MBPJ Stadium,Petaling Jaya,Malaysia,25000
Thupatemee Stadium,Lam Luk Ka,Thailand,25000
Hazza bin Zayed Stadium,Al Ain,United Arab Emirates,25000
Saputo Stadium,Montreal,Canada,19619
Yurtec Stadium Sendai,Sendai,Japan,19694
Mendizorrotza Stadium,Vitoria-Gasteiz,Spain,19840
SDCCU Stadium,San Diego,United States of America,70561
Hubert H. Humphrey Metrodome,Minneapolis,United States of America,64121
Stadio Carlo Castellani,Empoli,Italy,19847
kybunpark,St. Gallen,Switzerland,19694
Ankara 19 Mayıs Stadium,Ankara,Turkey,19219
Osmanlı Stadyumu,Sincan,Turkey,19626
Vodafone Park,Beşiktaş,Turkey,41903
Parkstad Limburg Stadion,Kerkrade,Netherlands,19979
Palacio de los Deportes,Mexico City,Mexico,20000
Estadio Tamaulipas,Tampico,Mexico,19667
Estádio Heriberto Hülse,Criciúma,Brazil,19300
Bezerrão,Gama,Brazil,20000
Estádio dos Aflitos,Recife,Brazil,19800
Castelão,Fortaleza,Brazil,67037
Estádio Orlando Scarpelli,Florianópolis,Brazil,19908
Drei Flüsse Stadion,Passau,Germany,20000
Alfred-Kunze-Sportpark,Leipzig,Germany,20000
Steigerwaldstadion,Erfurt,Germany,19439
Friedrich-Ludwig-Jahn-Sportpark,Prenzlauer Berg,Germany,19708
Leimbachstadion,Siegen,Germany,19400
Letná Stadium,Prague,Czech Republic,19416
Ambedkar Stadium,Feroz Shah Kotla,India,20000
Al Janoub Stadium,Al Wakrah,Qatar,20000
Taipei Municipal Stadium,Taipei,Taiwan,20000
Cicero Stadium,Asmara,Eritrea,20000
Stade Olympique,Nouakchott,Mauritania,20000
Hiroshima Big Arch,Hiroshima,Japan,50000
Globe Life Park in Arlington,Arlington,United States of America,48114
Aloha Stadium,Halawa,United States of America,50000
Independence Stadium,Shreveport,United States of America,49427
Liberty Bowl Memorial Stadium,Memphis,United States of America,50160
Corona Stadium,Torreón,Mexico,30000
Shaanxi Province Stadium,Xi'an,People's Republic of China,50000
Fisht Olympic Stadium,Sochi,Russia,47659
"May 19, 1956 Stadium",Annaba,Algeria,50000
El Nuevo Gasómetro,Buenos Aires,Argentina,47964
Thuwunna Stadium,Thingangyun Township,Myanmar,50000
Jinnah Sports Stadium,Shakarparian,Pakistan,48200
Stade du 26 Mars,Bamako,Mali,50000
Estádio 11 de Novembro,Viana,Angola,50000
Sultan Hassanal Bolkiah Stadium,Bandar Seri Begawan,Brunei,30000
Levy Mwanawasa Stadium,T3 road,Zambia,49800
Stade Tata Raphaël,Kinshasa,Democratic Republic of the Congo,50000
Olympic Stadium of Montreal,Montreal,Canada,45757
Tohoku Electric Power Big Swan Stadium,Niigata,Japan,42300
Kashima Soccer Stadium,Kashima,Japan,40728
Sapporo Dome,Sapporo,Japan,41484
Toyama Athletic Stadium,Toyama,Japan,28494
Estadi Cornellà-El Prat,Cornellà de Llobregat,Spain,40500
Angel Stadium of Anaheim,Anaheim,United States of America,43250
Helsinki Olympic Stadium,Taka-Töölö,Finland,42062
Stade Geoffroy-Guichard,Saint-Étienne,France,41965
Workers Stadium,Chaoyang District,People's Republic of China,66161
Arena Amazônia,Manaus,Brazil,42374
Olympiastadion Berlin,Westend,Germany,74475
Rheinstadion,Düsseldorf,Germany,42500
Ivaylo Stadium,Veliko Tarnovo,Bulgaria,25000
Kaharudin Nasution Sport Center Rumbai Stadium,Pekanbaru,Indonesia,25000
Siliwangi Stadium,Bandung,Indonesia,25000
Estadio Monumental Antonio Vespucio Liberti,Buenos Aires,Argentina,70074
Estadio José Pachencho Romero,Maracaibo,Venezuela,40800
King Abdullah Sport City Stadium,Buraidah,Saudi Arabia,25000
Sugathadasa Stadium,Colombo,Sri Lanka,25000
700th Anniversary Stadium,Don Kaeo,Thailand,25000
Gwangju World Cup Stadium,Seo District,South Korea,42880
Uhuru Stadium,Kurasini,Tanzania,25000
TD Place Stadium,Ottawa,Canada,24000
K's denki Stadium Mito,Mito,Japan,12000
Stade de la Neuville,Montignies-sur-Sambre,Belgium,12164
Hüseyin Avni Aker Stadium,Trabzon,Turkey,24169
Stadion Galgenwaard,Utrecht,Netherlands,24426
Stade Pierre-Aliker,Fort-de-France,France,18000
Estádio Municipal Coaracy da Mata Fonseca,Arapiraca,Brazil,17000
Oleksiy Butovskyi Vorskla Stadium,Poltava,Ukraine,24795
Stadionul Dr. Constantin Rădulescu,Cluj-Napoca,Romania,23500
Lokomotiv Stadium (Gorna Oryahovitsa),Gorna Oryahovitsa,Bulgaria,12000
Pajajaran Stadium,Bogor,Indonesia,12000
Estadio Elías Aguirre,Chiclayo,Peru,24500
Arnos Vale Stadium,Arnos Vale,Saint Vincent and the Grenadines,18000
Gostaresh Foolad Stadium,Tabriz,Iran,12000
Pamir Stadium,Dushanbe,Tajikistan,24000
Stade Olympique de Rades,Sousse,Tunisia,24000
Stade 24 Novembre,Kinshasa,Democratic Republic of the Congo,24000
Stade Auguste Vollaire,Centre de Flacq,Mauritius,12000
Audi Field,Buzzard Point,United States of America,24000
Ōita Bank Dome,Ōita,Japan,40000
Anoeta Stadium,Donostia-San Sebastián,Spain,39500
Stadio Renato Dall'Ara,Bologna,Italy,38279
St. Jakob-Park,Basel,Switzerland,38512
Estádio Nacional,Cruz Quebrada - Dafundo,Portugal,39000
Accra Sports Stadium,Accra,Ghana,40000
Hong Kong Stadium,So Kon Po,People's Republic of China,40000
Olympic Sports Centre,Beijing,People's Republic of China,40000
Jahnstadion,Mönchengladbach,Germany,40000
Estadio Gigante de Arroyito,Rosario,Argentina,39900
Estadio Municipal de Chorrillos,Chorrillos,Peru,15000
Estadio Hernán Ramírez Villegas,Pereira,Colombia,39890
Jericho International Stadium,Jericho,State of Palestine,15000
BC Place,Vancouver,Canada,54320
Kanko Stadium,Okayama,Japan,20000
San Mamés Stadium,Bilbao,Spain,53289
De Kuip,Rotterdam,Netherlands,51577
St James’ Park,Newcastle upon Tyne,United Kingdom,52305
Hampden Park,Glasgow,United Kingdom,51866
Ibrox Stadium,Glasgow,United Kingdom,50987
Guiyang Olympic Sports Center,Guanshanhu District,People's Republic of China,52000
Estádio Serra Dourada,Goiânia,Brazil,54084
Donbass Arena,Donetsk,Ukraine,52518
Dinamo Arena,Tbilisi,Georgia,54549
Gelora Bumi Kartini Stadium,Jepara,Indonesia,20000
Loftus Versfeld Stadium,Pretoria,South Africa,51762
Goble Park,Bethlehem,South Africa,20000
Estadio Campos de Sports de Ñuñoa,Santiago,Chile,20000
Hrazdan Stadium,Yerevan,Armenia,54208
Red Star Stadium,Autokomanda,Serbia,55538
Concord Oval,City of Canada Bay,Australia,20000
Estadio Israel Barrios,Coatepeque,Guatemala,20000
Al-Zawraa Stadium,Baghdad,Iraq,20000
Prince Sultan bin Abdul Aziz Stadium,Abha,Saudi Arabia,20000
Kaohsiung National Stadium,Zuoying District,Taiwan,55000
Shahid Shiroudi Stadium,Tehran,Iran,30000
Gifu Nagaragawa Stadium,Gifu,Japan,31000
La Rosaleda Stadium,Málaga,Spain,30044
Estadio Nueva Condomina,Murcia,Spain,31179
Estadio Carlos Tartiere,Oviedo,Spain,30500
Dignity Health Sports Park,Carson,United States of America,30510
CEFCU Stadium,San Jose,United States of America,30456
Memorial Stadium,Waverly,United States of America,31000
Tele2 Arena,Johanneshov,Sweden,30001
Stadio Marc'Antonio Bentegodi,Verona,Italy,31045
Estádio Municipal de Braga,Dume,Portugal,30286
Estádio Municipal de Aveiro,Aveiro,Portugal,30127
Afonso Henriques Stadium,Guimarães,Portugal,30165
Estádio Cidade de Coimbra,Coimbra,Portugal,30210
Cancha Parque Central,Montevideo,Uruguay,30042
American Express Community Stadium,Falmer,United Kingdom,30750
Portman Road,Ipswich,United Kingdom,30311
St Andrew's,Bordesley,United Kingdom,30016
Rhein-Neckar Arena,Sinsheim,Germany,30150
BayArena,Leverkusen,Germany,30210
WWK Arena,Augsburg,Germany,30660
Dnipro Arena,Dnipro,Ukraine,31003
Cluj Arena,Cluj-Napoca,Romania,30335
Stadionul Ion Oblemenco,Craiova,Romania,30944
Tofiq Bahramov Stadium,Baku,Azerbaijan,31200
Rand Stadium,Rosettenville,South Africa,30000
Estadio Ester Roa Rebolledo,Concepción,Chile,30200
Estadio Jorge Luis Hirschi,La Plata,Argentina,30018
Stadium Juan Carmelo Zerillo,La Plata,Argentina,31000
Estadio Diego Armando Maradona,Villa General Mitre,Argentina,31000
Maharaja College Stadium,Kochi,India,30000
Paljor Stadium,Gangtok,India,30000
"Jawaharlal Nehru Stadium, Shillong",Shillong,India,30000
Khuman Lampak Main Stadium,Imphal,India,30000
Sammy Ofer Stadium,Haifa,Israel,30780
Ningineer Stadium,Matsuyama,Japan,20000
El Molinón-Enrique Castro Quini,Gijón,Spain,29500
Estadio José Rico Pérez,Alicante,Spain,30000
Maryland Stadium,University of Maryland,United States of America,51802
Friends Arena,Solna Municipality,Sweden,54329
Estádio da Luz,Lisbon,Portugal,64642
BBVA Bancomer Stadium,Guadalupe,Mexico,53500
Stadium of Light,Monkwearmouth,United Kingdom,49000
Reebok Stadium,Bolton,United Kingdom,28723
Wuhan Sports Center,Wuhan,People's Republic of China,54357
Yellow Dragon Sports Center,Hangzhou,People's Republic of China,51000
Volkswagen Arena,Wolfsburg,Germany,30000
Millerntor-Stadion,St. Pauli,Germany,29546
Metalurh Stadium,Kryvyi Rih,Ukraine,29734
Georgi Asparuhov Stadium,Sofia,Bulgaria,29200
Astana Arena,Nur-Sultan,Kazakhstan,30000
Gelora Bung Tomo Stadium,Surabaya,Indonesia,55000
North Sydney Oval,North Sydney,Australia,20000
Estadio Libertadores de America,Avellaneda,Argentina,52364
Yanggakdo Stadium,Pyongyang,North Korea,30000
DY Patil Stadium,Nerul,India,55000
Estadio Agustín Tovar,Barinas,Venezuela,30000
Estadio Monumental Banco Pichincha,Guayaquil,Ecuador,57267
National Cricket Stadium,Grenada,Grenada,20000
Estadio Doroteo Guamuch Flores,Guatemala City,Guatemala,30000
Yadegar-e Emam Stadium,Tabriz,Iran,66833
Ghadir Stadium,Ahwaz,Iran,51000
Bloomfield Stadium,Tel Aviv,Israel,29150
Abbasiyyin Stadium,Damascus,Syria,30000
PTT Stadium,Mueang Rayong,Thailand,20000
Rizal Memorial Stadium,Manila,Philippines,30000
Prince Moulay Abdellah Stadium,egepto,Morocco,52000
La Romareda,Zaragoza,Spain,34596
Karaiskakis Stadium,Piraeus,Greece,33334
Monumental Stadium football Miguel Aleman Valdes,Celaya,Mexico,32300
Addis Ababa Stadium,Addis Ababa,Ethiopia,35000
Riverside Stadium,Middlesbrough,United Kingdom,34742
Amigão,Campina Grande,Brazil,35000
Opel Arena,Mainz,Germany,34034
Toše Proeski Arena,Skopje,North Macedonia,33460
Stadion Poljud,Split,Croatia,35000
Gajayana Stadium,Malang,Indonesia,35000
Maguwoharjo Stadium,Sleman,Indonesia,35000
Aji Imbut Stadium,Tenggarong,Indonesia,35000
Pakhtakor Markaziy Stadium,Shaykhontohur,Uzbekistan,35000
Estadio Monumental José Fierro,San Miguel de Tucumán,Argentina,33500
Estadio Félix Capriles,Q42797420,Bolivia,35000
Estadio Olímpico Félix Sánchez,Centro Olímpico Juan Pablo Duarte,Dominican Republic,35000
Al-Shaab Stadium,Baghdad,Iraq,35000
Teddy Stadium,Jerusalem,Israel,34000
Sultan Qaboos Sports Complex,Bawshar,Oman,34000
Tinsulanonda Stadium,Mueang Songkhla,Thailand,35000
Stade Modibo Kéïta,Bamako,Mali,35000
IG Field,University of Manitoba,Canada,33422
Estadio Manuel Martínez Valero,Elche,Spain,36017
Fenway Park,Boston,United States of America,37499
Stadio Renzo Barbera,Palermo,Italy,36349
Stadio San Filippo,Messina,Italy,37895
Stadio Luigi Ferraris,Genoa,Italy,36598
New Gaziantep Stadium,Gaziantep,Turkey,33502
Stade Bollaert-Delelis,Lens,France,38058
Barradão,Q20053126,Brazil,35632
Arena Barueri,Barueri,Brazil,35000
Johannesburg Stadium,Doornfontein,South Africa,37500
Stade Mustapha Tchaker,Blida,Algeria,35000
Bunyodkor Stadium,Chilanzar,Uzbekistan,34000
Estadio George Capwell,Guayaquil,Ecuador,35000
Estadio El Campín,Bogotá,Colombia,36343
Estadio Palogrande,Manizales,Colombia,36553
Estadio Ramón Tahuichi Aguilera,Santa Cruz de la Sierra,Bolivia,38000
Estadio Tiburcio Carías Andino beach,Tegucigalpa,Honduras,37000
Likas Stadium,Kota Kinabalu,Malaysia,35000
Al-Assad Stadium,Latakia,Syria,35000
Ansan Wa Stadium,Ansan,South Korea,35000
Bangabandhu National Stadium,Dhaka,Bangladesh,36000
Honneur Stadium,Oujda,Morocco,35000
MKO Abiola Stadium,Abeokuta,Nigeria,35000
Sam Boyd Stadium,Whitney,United States of America,36800
Morelos Stadium,Morelia,Mexico,35869
TEDA Football Stadium,Tianjin Economic-Technological Development Area,People's Republic of China,37450
Estádio Ilha do Retiro,Recife,Brazil,35020
Serejão,Taguatinga,Brazil,35000
Central Dynamo Stadium,Moscow,Russia,36540
Stadion Hoheluft,Eppendorf,Germany,37000
Stadion Gladbeck,Gladbeck,Germany,37612
Sultan Agung Stadium,Bantul,Indonesia,35000
Sariwon Youth Stadium,Sariwon,North Korea,35000
Wellington Regional Stadium,Wellington,New Zealand,36000
Thrissur Municipal Corporation Stadium,Thrissur,India,35000
Estadio José Antonio Anzoátegui,Barcelona,Venezuela,37485
Estadio Olímpico Atahualpa,Quito,Ecuador,35742
King Abdul Aziz Stadium,Mecca,Saudi Arabia,38000
Karkanda Stadium,Katsina,Nigeria,35000
Estadio Metropolitano,Madrid,Spain,68456
SeatGeek Stadium,Bridgeview,United States of America,20000
Raymond James Stadium,Tampa,United States of America,65890
Allianz Field,Saint Paul,United States of America,19400
Neo Química Arena,São Paulo,Brazil,68034
Gradski Stadium,Ruse,Bulgaria,19960
Kim Il-sung Stadium,Pyongyang,North Korea,70000
Shah Alam Stadium,Shah Alam,Malaysia,69372
Kagawa Marugame Stadium,Marugame,Japan,30099
Chengdu Longquanyi Football Stadium,Chengdu,People's Republic of China,30800
Tianjin Tuanbo Football Stadium,Tianjin,People's Republic of China,30320
International Stadium Yokohama,Shin-Yokohama Park,Japan,72327
Camping World Stadium,Orlando,United States of America,65438
Hiram Bithorn Stadium,Gobernador Piñero,United States of America,18264
Talking Stick Resort Arena,Phoenix,United States of America,19023
Subaru Park,Chester,United States of America,18500
Taft Stadium,Oklahoma City,United States of America,18200
Stadio Brianteo,Monza,Italy,18568
İzmir Atatürk Stadium,İzmir,Turkey,70000
Estádio do Bonfim,Setúbal,Portugal,18694
Stade des Costières,Nîmes,France,18482
Stade de Roudourou,Guingamp,France,18250
Stade Raoul-Barrière,Béziers,France,18555
Taquarão,Taquaritinga,Brazil,18805
Na Stínadlech,Teplice,Czech Republic,18221
Stadion Evžena Rošického,Prague,Czech Republic,19032
Estadio Almagro,"José Ingenieros, Buenos Aires",Argentina,19000
Keenan Stadium,Jamshedpur,India,19000
Rabindra Sarobar Stadium,Kolkata,India,26000
Al Kuwait Sports Club Stadium,Kaifan,Kuwait,18500
Sohar Regional Sports Complex,Sohar,Oman,19000
Go Dau Stadium,Thủ Dầu Một,Vietnam,18250
Seoul Olympic Main Stadium,Songpa District,South Korea,69950
Kashiwanoha Park Stadium,Kashiwa,Japan,20000
Yamaguchi Ishin Park Stadium,Yamaguchi,Japan,20000
Ishikawa Kanazawa Stadium,Kanazawa,Japan,20000
Railways Ground,Faisalabad,Pakistan,20000
Jamhuri Stadium,Morogoro,Tanzania,20000
"Silver Stadium, Lilongwe",Lilongwe,Malawi,20000
Estadio Municipal de abanca Riazor,A Coruña,Spain,32660
Gran Canaria Stadium,Las Palmas de Gran Canaria,Spain,33111
Stadio Via del Mare,Lecce,Italy,31533
Wörthersee Stadion,Klagenfurt,Austria,32000
Kadir Has Stadium,Kayseri,Turkey,32864
Estadio Sergio León Chávez,Irapuato,Mexico,32784
Estadio Universitario Alberto Chivo Cordova,Toluca,Mexico,32603
Stade de la Mosson,Montpellier,France,32900
Ewood Park,Blackburn,United Kingdom,31367
Cardiff City Stadium,Cardiff,United Kingdom,33260
Hongkou Football Stadium,Shanghai,People's Republic of China,33060
Shenzhen Stadium,Futian District,People's Republic of China,32500
Estádio de Pituaçu,Pituaçu,Brazil,32157
Estádio Municipal Radialista Mário Helênio,Juiz de Fora,Brazil,31863
Estádio Santa Cruz,Ribeirão Preto,Brazil,31527
Stadionul Dan Păltinișanu,Timișoara,Romania,32972
Partizan Stadium,Autokomanda,Serbia,32710
Newcastle International Sports Centre,New Lambton,Australia,33000
Estadio Víctor Agustín Ugarte,Potosí,Bolivia,32000
"Estadio Jorge ""Mágico"" González",San Salvador,El Salvador,32000
Estadio Rommel Fernández,Panama City,Panama,32000
Khalid ibn al-Walid Stadium,Homs,Syria,32000
Chang Arena,Buri Ram,Thailand,32600
